phase \ tool (=登場割合%),Tweezers,Gauze,Forceps,Mouth Gag,Needle Holders,Suction Cannula,Scissors,Retractor,Electric Cautery,Hook,Scalpel,Raspatory,Bipolar Forceps,Syringe,Skewer,any_tool%,N_frames
disinfection,0.0,0.0,0.0,0.0,0.0,0.0,0.0,0.0,0.0,0.0,0.0,0.0,0.0,0.0,0.0,0.0,11
design,10.1,10.3,3.4,31.7,0.0,0.0,0.0,0.0,0.0,0.0,0.0,0.0,0.0,0.0,90.5,98.1,378
anesthesia,3.4,45.5,0.0,28.5,0.0,2.0,0.0,0.0,0.0,0.0,0.0,0.0,0.0,95.2,0.0,100.0,499
incision,42.9,44.0,5.2,29.9,0.0,38.8,0.1,8.2,0.2,2.5,94.6,0.0,0.0,0.0,0.1,100.0,1096
dissection,55.7,49.8,32.7,32.2,0.1,48.5,42.0,20.7,27.1,16.6,0.3,12.1,0.2,0.0,0.0,99.1,5440
hemostasis,68.9,69.6,32.6,25.4,0.0,50.8,2.8,11.6,16.2,7.2,0.3,0.1,60.7,0.0,0.0,99.9,1121
irrigation,0.0,56.5,2.8,6.8,0.0,28.2,0.0,22.0,0.6,11.3,0.0,0.0,0.0,49.7,0.0,88.7,177
closure,71.1,23.0,15.2,49.2,72.0,10.6,6.2,0.5,0.0,0.1,0.1,2.3,0.1,0.0,0.0,99.5,6596
dressing,60.5,7.6,0.0,84.9,0.0,5.9,5.0,0.0,0.0,0.0,0.0,0.0,0.0,0.0,0.0,96.6,119
