rule,split,metric,system,k_seeds,n_reps,var_within_seed,var_between_seed,var_between_seed_raw,clipped_to_zero,ICC,sd_within,sd_between,within_exceeds_between
R-acc,val,phase_accuracy,base,3,3,5.325064959740711e-07,1.1779689153366632e-06,1.1779689153366632e-06,False,0.6886792452830337,0.0007297304269208398,0.0010853427639859507,False
R-acc,val,phase_accuracy,bboxROI,3,3,1.113422673400469e-06,1.4361538830816809e-06,1.4361538830816809e-06,False,0.563291139240492,0.0010551884539742032,0.0011983963797849528,False
R-acc,val,phase_accuracy,maskROI,3,3,2.7109421613228285e-06,2.743215282291294e-07,2.743215282291294e-07,False,0.09189189189190214,0.0016464938995704869,0.0005237571271392204,True
R-acc,val,phase_accuracy,randROI,3,3,1.5491098064702203e-06,3.1627658548766105e-06,3.1627658548766105e-06,False,0.6712328767123226,0.0012446323981281462,0.0017784166707711132,False
R-acc,val,phase_accuracy,shuffleROI,3,3,2.1784356653487005e-06,0.0,-2.743215282290669e-07,True,0.0,0.0014759524603958965,0.0,True
R-acc,val,phase_accuracy,handROIbbox2,3,3,1.0166033104960516e-06,3.6468626693986016e-06,3.6468626693986016e-06,False,0.7820069204152281,0.0010082674796382414,0.001909676063995829,False
R-acc,val,phase_accuracy,handROImask2,3,3,4.3568713306973525e-07,1.3231979596932577e-06,1.3231979596932577e-06,False,0.7522935779816496,0.0006600660066006544,0.001150303420708318,False
R-acc,val,phase_accuracy,bboxROI_handROIbbox2,3,3,6.293258588785209e-07,3.872774516175333e-07,3.872774516175333e-07,False,0.38095238095236994,0.0007933006106631464,0.0006223161990640556,True
R-acc,val,phase_macro_f1,base,3,3,2.3882063034663765e-05,2.9212847670323448e-05,2.9212847670323448e-05,False,0.5502005235989498,0.0048869277705593074,0.005404891087739275,False
R-acc,val,phase_macro_f1,bboxROI,3,3,5.161923203889262e-06,7.879623704111361e-07,7.879623704111361e-07,False,0.13243319733989786,0.0022719866205348264,0.0008876724454499735,True
R-acc,val,phase_macro_f1,maskROI,3,3,5.483954331409767e-06,5.119354609558923e-06,5.119354609558923e-06,False,0.48280726686920733,0.0023417844331641135,0.002262599082815805,True
R-acc,val,phase_macro_f1,randROI,3,3,4.561552834164176e-06,1.8738185663368222e-06,1.8738185663368222e-06,False,0.2911748910390695,0.002135779210069284,0.0013688749272073115,True
R-acc,val,phase_macro_f1,shuffleROI,3,3,2.5338078512273092e-05,0.0,-9.040670632275966e-07,True,0.0,0.005033694320503887,0.0,True
R-acc,val,phase_macro_f1,handROIbbox2,3,3,1.3739177342585976e-05,4.019791995752476e-06,4.019791995752476e-06,False,0.22635277527477118,0.003706639629446863,0.002004941893360622,True
R-acc,val,phase_macro_f1,handROImask2,3,3,3.0991542530411348e-06,1.4325735068076168e-05,1.4325735068076168e-05,False,0.8221420982407472,0.0017604414937853331,0.003784935279245362,False
R-acc,val,phase_macro_f1,bboxROI_handROIbbox2,3,3,1.1383133563489834e-06,2.4754370824374867e-06,2.4754370824374867e-06,False,0.6850049897935843,0.0010669176895848074,0.0015733521800402753,False
R-acc,test,phase_accuracy,base,3,3,2.4628612345366937e-05,0.00022806103176192002,0.00022806103176192002,False,0.9025341444744364,0.004962722271633477,0.015101689698901908,False
R-acc,test,phase_accuracy,bboxROI,3,3,4.421177980053706e-05,0.00010958470114417859,0.00010958470114417859,False,0.7125306149467124,0.006649193921110818,0.010468271163099407,False
R-acc,test,phase_accuracy,maskROI,3,3,4.390636546093653e-05,1.0178441891078712e-05,1.0178441891078712e-05,False,0.18819410458156058,0.006626187852825826,0.0031903670464507234,True
R-acc,test,phase_accuracy,randROI,3,3,0.00014402729426870082,3.714245588659003e-05,3.714245588659003e-05,False,0.2050146663819602,0.012001137207310848,0.0060944610825396225,True
R-acc,test,phase_accuracy,shuffleROI,3,3,3.494550873706453e-05,0.0,-6.271174439796551e-07,True,0.0,0.0059114726369209,0.0,True
R-acc,test,phase_accuracy,handROIbbox2,3,3,5.2409100675408506e-05,0.00011106290654784308,0.00011106290654784308,False,0.6794001519548599,0.007239413006273955,0.010538638742638589,False
R-acc,test,phase_accuracy,handROImask2,3,3,0.00010734092379591547,7.758338664086222e-05,7.758338664086222e-05,False,0.4195413056164219,0.010360546500832641,0.008808143200519746,True
R-acc,test,phase_accuracy,bboxROI_handROIbbox2,3,3,8.896719712556213e-05,0.00025153517790359853,0.00025153517790359853,False,0.7387178367905863,0.009432242422964018,0.015859860589034148,False
R-acc,test,phase_macro_f1,base,3,3,3.8743666058723026e-05,0.0022703073285576564,0.0022703073285576564,False,0.9832209569433266,0.006224441023796677,0.047647742113951806,False
R-acc,test,phase_macro_f1,bboxROI,3,3,4.45800988559572e-05,0.00024743644761098286,0.00024743644761098286,False,0.8473370793699041,0.006676832995961274,0.01573011276536131,False
R-acc,test,phase_macro_f1,maskROI,3,3,0.00012955463436030025,3.912662651453448e-05,3.912662651453448e-05,False,0.23195597609130578,0.011382206919587266,0.0062551280174377305,True
R-acc,test,phase_macro_f1,randROI,3,3,0.00011255581805054952,9.533366632518692e-05,9.533366632518692e-05,False,0.4585785885777764,0.01060923267963096,0.00976389606280131,True
R-acc,test,phase_macro_f1,shuffleROI,3,3,2.3841048625419017e-05,0.00024795297074649123,0.00024795297074649123,False,0.912282659197162,0.004882729628539657,0.015746522496935353,False
R-acc,test,phase_macro_f1,handROIbbox2,3,3,5.9776043657954115e-05,0.00010930584821726914,0.00010930584821726914,False,0.6464669102350308,0.007731496857527274,0.010454943721382202,False
R-acc,test,phase_macro_f1,handROImask2,3,3,5.1726228239859364e-05,0.0004680368940502679,0.0004680368940502679,False,0.9004811499285511,0.007192094843636266,0.021634160350017466,False
R-acc,test,phase_macro_f1,bboxROI_handROIbbox2,3,3,0.0003198856141340234,0.0,-0.00010440662003921736,True,0.0,0.01788534635208453,0.0,True
R-last,val,phase_accuracy,base,3,3,3.3402680202013576e-06,3.9276388218213396e-05,3.9276388218213396e-05,False,0.9216205982582362,0.0018276400138433602,0.00626708769830241,False
R-last,val,phase_accuracy,bboxROI,3,3,3.630726108914537e-06,2.507621499223639e-05,2.507621499223639e-05,False,0.8735244519392917,0.0019054464329690659,0.005007615699336001,False
R-last,val,phase_accuracy,maskROI,3,3,1.8831366084903528e-05,2.9271720718093022e-05,2.9271720718093022e-05,False,0.6085206306608489,0.004339512194348983,0.005410334621637836,False
R-last,val,phase_accuracy,randROI,3,3,1.253810749611819e-05,2.6044408621280238e-05,2.6044408621280238e-05,False,0.675031367628607,0.0035409190185767014,0.005103372279314947,False
R-last,val,phase_accuracy,shuffleROI,3,3,1.3748349532422773e-05,5.5509768065178165e-06,5.5509768065178165e-06,False,0.28762541806018965,0.003707876687866355,0.0023560511043943457,True
R-last,val,phase_accuracy,handROIbbox2,3,3,1.6507701375197988e-05,7.196905975892848e-06,7.196905975892848e-06,False,0.3036078965282528,0.004062967065482809,0.002682704973695924,True
R-last,val,phase_accuracy,handROImask2,3,3,9.875575016247363e-06,1.36676667300031e-05,1.36676667300031e-05,False,0.580534612748469,0.0031425427628351157,0.003696980758673637,False
R-last,val,phase_accuracy,bboxROI_handROIbbox2,3,3,3.146629294392629e-06,1.468427004049809e-06,1.468427004049809e-06,False,0.3181818181818057,0.0017738740920348966,0.0012117866990728231,True
R-last,val,phase_macro_f1,base,3,3,1.0368205511115686e-05,0.0,-2.3828288451061237e-06,True,0.0,0.0032199697997210607,0.0,True
R-last,val,phase_macro_f1,bboxROI,3,3,1.1471137629413914e-05,5.3652120313092504e-05,5.3652120313092504e-05,False,0.8238549791298659,0.003386906793729924,0.007324760768318137,False
R-last,val,phase_macro_f1,maskROI,3,3,3.84208735430385e-05,4.6325774724399224e-05,4.6325774724399224e-05,False,0.5466384296191572,0.006198457351877037,0.006806304042900172,False
R-last,val,phase_macro_f1,randROI,3,3,2.899996111733066e-05,2.5495866964169457e-05,2.5495866964169457e-05,False,0.46784988616082024,0.0053851611969680776,0.0050493432210703855,True
R-last,val,phase_macro_f1,shuffleROI,3,3,6.796574622752707e-05,1.9543270251990144e-06,1.9543270251990144e-06,False,0.02795087210699995,0.008244134049585019,0.001397972469399528,True
R-last,val,phase_macro_f1,handROIbbox2,3,3,8.640007582911198e-05,6.470293726285337e-05,6.470293726285337e-05,False,0.42820414986346717,0.009295164109853682,0.008043813601946117,True
R-last,val,phase_macro_f1,handROImask2,3,3,8.041257621826669e-05,0.000140537267320496,0.000140537267320496,False,0.6360595919401075,0.008967305962119655,0.011854841513934128,False
R-last,val,phase_macro_f1,bboxROI_handROIbbox2,3,3,6.344435594177485e-06,4.518511452071284e-06,4.518511452071284e-06,False,0.41595631763957025,0.002518816308145055,0.0021256790566948915,True
R-last,test,phase_accuracy,base,3,3,7.922447969231301e-06,0.0006502515621561704,0.0006502515621561704,False,0.9879629887425639,0.0028146843462866847,0.025500030630494747,False
R-last,test,phase_accuracy,bboxROI,3,3,4.5683876917410454e-05,0.00013134852698409692,0.00013134852698409692,False,0.7419462431136231,0.0067589849028837495,0.011460738500816468,False
R-last,test,phase_accuracy,maskROI,3,3,8.743401714076905e-05,3.5782344027570047e-05,3.5782344027570047e-05,False,0.29040253817172823,0.009350615869597524,0.005981834503525657,True
R-last,test,phase_accuracy,randROI,3,3,4.872580373982902e-05,0.00021517865491757948,0.00021517865491757948,False,0.8153657426338402,0.006980387076647614,0.014668969115707467,False
R-last,test,phase_accuracy,shuffleROI,3,3,5.308101222252932e-05,0.0003686371439931381,0.0003686371439931381,False,0.8741315462941947,0.007285671707023953,0.01919992562467725,False
R-last,test,phase_accuracy,handROIbbox2,3,3,4.192117225353445e-05,0.0004069381382746115,0.0004069381382746115,False,0.9066050959170072,0.006474656149444111,0.020172707757626678,False
R-last,test,phase_accuracy,handROImask2,3,3,2.233800479836476e-05,0.00025186502539036824,0.00025186502539036824,False,0.9185347996227846,0.004726309850016687,0.015870255996371586,False
R-last,test,phase_accuracy,bboxROI_handROIbbox2,3,3,2.1415653492772022e-05,6.599189440523076e-05,6.599189440523076e-05,False,0.75499079876074,0.004627704991977343,0.008123539524445656,False
R-last,test,phase_macro_f1,base,3,3,3.722033746573897e-05,0.000186061800423769,0.000186061800423769,False,0.8333035601613703,0.006100847274415166,0.013640447222278636,False
R-last,test,phase_macro_f1,bboxROI,3,3,3.1154056796983065e-05,6.760513433670287e-05,6.760513433670287e-05,False,0.684545241416455,0.005581581926029848,0.008222234145091155,False
R-last,test,phase_macro_f1,maskROI,3,3,3.6826457955670384e-05,0.0,-4.462488093319773e-06,True,0.0,0.006068480695830743,0.0,True
R-last,test,phase_macro_f1,randROI,3,3,3.2997613104728786e-05,0.0,-3.0976824148072617e-06,True,0.0,0.005744354890214286,0.0,True
R-last,test,phase_macro_f1,shuffleROI,3,3,9.058869139578529e-05,7.727681131270477e-05,7.727681131270477e-05,False,0.4603495659671138,0.009517809169960558,0.008790723025593786,True
R-last,test,phase_macro_f1,handROIbbox2,3,3,8.129749034752737e-06,0.00011992196148961824,0.00011992196148961824,False,0.9365119840925088,0.002851271476859532,0.0109508886164374,False
R-last,test,phase_macro_f1,handROImask2,3,3,9.921427925574853e-05,0.0002308798002435003,0.0002308798002435003,False,0.6994363564282761,0.009960636488485488,0.015194729357362715,False
R-last,test,phase_macro_f1,bboxROI_handROIbbox2,3,3,5.190251248947235e-05,3.1265472660229328e-06,3.1265472660229328e-06,False,0.05681629451629348,0.007204339837172616,0.0017682045317278577,True
R-loss,val,phase_accuracy,base,3,3,2.7109421613228535e-06,5.502567125065961e-06,5.502567125065961e-06,False,0.6699410609037301,0.0016464938995704944,0.002345755128965076,False
R-loss,val,phase_accuracy,bboxROI,3,3,2.565713116966223e-06,4.130959483920359e-06,4.130959483920359e-06,False,0.6168674698795124,0.0016017843540771096,0.002032476195166959,False
R-loss,val,phase_accuracy,maskROI,3,3,4.840968145219317e-07,8.568513617038452e-06,8.568513617038452e-06,False,0.9465240641711244,0.0006957706623032705,0.0029272023532783743,False
R-loss,val,phase_accuracy,randROI,3,3,1.6459291693746052e-06,1.079535896383877e-05,1.079535896383877e-05,False,0.8677042801556362,0.0012829377106370384,0.0032856291579907142,False
R-loss,val,phase_accuracy,shuffleROI,3,3,5.857571455715416e-06,2.2123224423652857e-05,2.2123224423652857e-05,False,0.7906574394463699,0.002420242024202418,0.004703533185133581,False
R-loss,val,phase_accuracy,handROIbbox2,3,3,3.8727745161752257e-07,2.1138894234124712e-06,2.1138894234124712e-06,False,0.8451612903225906,0.000622316199064047,0.001453922082992232,False
R-loss,val,phase_accuracy,handROImask2,3,3,5.809161774263245e-07,2.9691271290680584e-06,2.9691271290680584e-06,False,0.8363636363636446,0.0007621785731876255,0.001723115529808741,False
R-loss,val,phase_accuracy,bboxROI_handROIbbox2,3,3,4.3568713306975966e-07,5.486430564580904e-07,5.486430564580904e-07,False,0.5573770491802715,0.000660066006600673,0.0007407044325897412,False
R-loss,val,phase_macro_f1,base,3,3,2.724795420836802e-05,0.00011707029532668897,0.00011707029532668897,False,0.8111953665170453,0.00521995729947746,0.010819902741091944,False
R-loss,val,phase_macro_f1,bboxROI,3,3,6.2751120639479075e-06,4.938990719463939e-06,4.938990719463939e-06,False,0.44042673897815576,0.002505017377973236,0.0022223840171005415,True
R-loss,val,phase_macro_f1,maskROI,3,3,6.465629908188905e-06,8.9423274786069e-06,8.9423274786069e-06,False,0.5803707301442973,0.0025427602931045045,0.0029903724648623455,False
R-loss,val,phase_macro_f1,randROI,3,3,8.195731646808944e-06,1.140118149142651e-05,1.140118149142651e-05,False,0.5817845602010508,0.0028628188288484036,0.003376563562473911,False
R-loss,val,phase_macro_f1,shuffleROI,3,3,2.6369590575761296e-05,8.56805492593834e-05,8.56805492593834e-05,False,0.7646625821747486,0.005135132965733341,0.009256378841608818,False
R-loss,val,phase_macro_f1,handROIbbox2,3,3,2.444791916526682e-06,5.73768932519243e-06,5.73768932519243e-06,False,0.7012163127167721,0.0015635830379377624,0.0023953474330861545,False
R-loss,val,phase_macro_f1,handROImask2,3,3,2.287084390363755e-06,1.271946461678662e-05,1.271946461678662e-05,False,0.8475942477331733,0.0015123109436765163,0.003566435842236142,False
R-loss,val,phase_macro_f1,bboxROI_handROIbbox2,3,3,1.3563487118311011e-06,0.0,-3.1271179469929266e-07,True,0.0,0.0011646238499322865,0.0,True
R-loss,test,phase_accuracy,base,3,3,1.4439989976301514e-05,0.00021643085370994167,0.00021643085370994167,False,0.9374542504122968,0.0037999986810920757,0.014711589095333709,False
R-loss,test,phase_accuracy,bboxROI,3,3,0.0001132415288369931,0.0,-1.105192690233453e-05,True,0.0,0.010641500309495512,0.0,True
R-loss,test,phase_accuracy,maskROI,3,3,2.869062306205057e-05,0.0,-8.523096170445195e-06,True,0.0,0.0053563628575788785,0.0,True
R-loss,test,phase_accuracy,randROI,3,3,1.728645162137596e-05,1.965646689667422e-05,1.965646689667422e-05,False,0.5320767195767204,0.004157697875191987,0.004433561423581974,False
R-loss,test,phase_accuracy,shuffleROI,3,3,0.0002488088458987672,0.0,-1.4395195873161405e-05,True,0.0,0.015773675725675586,0.0,True
R-loss,test,phase_accuracy,handROIbbox2,3,3,1.1361413433130119e-06,5.5933582154396495e-05,5.5933582154396495e-05,False,0.98009204752221,0.0010658993119957495,0.007478875727968509,False
R-loss,test,phase_accuracy,handROImask2,3,3,7.140587259854752e-06,5.791470317060375e-05,5.791470317060375e-05,False,0.8902381772088506,0.0026721877291565337,0.007610171034254339,False
R-loss,test,phase_accuracy,bboxROI_handROIbbox2,3,3,6.3342934033098925e-06,6.587990914737912e-05,6.587990914737912e-05,False,0.9122846589787696,0.0025168022177576633,0.00811664395839679,False
R-loss,test,phase_macro_f1,base,3,3,4.2998598030910815e-06,0.002126887153557201,0.002126887153557201,False,0.9979824108460986,0.0020736103305807195,0.04611818679823829,False
R-loss,test,phase_macro_f1,bboxROI,3,3,6.665032381599552e-05,3.4962626043693884e-08,3.4962626043693884e-08,False,0.0005242929573989656,0.008163964956808396,0.00018698295655939843,True
R-loss,test,phase_macro_f1,maskROI,3,3,0.0004472859471632116,0.0008783622110563101,0.0008783622110563101,False,0.6625907527650765,0.021149135849088764,0.029637176165355397,False
R-loss,test,phase_macro_f1,randROI,3,3,0.00011114089856464818,0.0,-1.025656022773953e-05,True,0.0,0.010542338382192453,0.0,True
R-loss,test,phase_macro_f1,shuffleROI,3,3,0.0002719459651716244,0.0002938193454770661,0.0002938193454770661,False,0.5193307895462539,0.016490784249744594,0.017141159397108065,False
R-loss,test,phase_macro_f1,handROIbbox2,3,3,1.1321366203840994e-05,0.0010173275100413264,0.0010173275100413264,False,0.9889939449064807,0.0033647237930981787,0.031895571950371515,False
R-loss,test,phase_macro_f1,handROImask2,3,3,5.369335473895913e-05,0.000464790023354984,0.000464790023354984,False,0.8964415119027586,0.007327574956215673,0.02155898938621623,False
R-loss,test,phase_macro_f1,bboxROI_handROIbbox2,3,3,7.40337928828442e-05,0.00015402438024678352,0.00015402438024678352,False,0.6753732090944903,0.00860428921427239,0.012410655915252164,False
R-mf1,val,phase_accuracy,base,3,3,9.681936290438592e-06,3.2757217782650902e-06,3.2757217782650902e-06,False,0.2528019925280218,0.0031115809953203197,0.0018098955158420307,True
R-mf1,val,phase_accuracy,bboxROI,3,3,1.8879775766355468e-06,1.8072947742152003e-06,1.8072947742152003e-06,False,0.4890829694323111,0.0013740369633439802,0.0013443566395176542,True
R-mf1,val,phase_accuracy,maskROI,3,3,3.001400250036023e-06,1.145695794368554e-06,1.145695794368554e-06,False,0.27626459143968257,0.0017324549777803819,0.0010703718019307842,True
R-mf1,val,phase_accuracy,randROI,3,3,3.582316427462429e-06,2.9852636895518626e-06,2.9852636895518626e-06,False,0.45454545454544115,0.0018927008288322877,0.0017277915642669004,True
R-mf1,val,phase_accuracy,shuffleROI,3,3,6.7289457218549275e-06,0.0,-6.293258588784284e-07,True,0.0,0.0025940211490762615,0.0,True
R-mf1,val,phase_accuracy,handROIbbox2,3,3,3.7275454718188557e-06,1.9686603790558252e-06,1.9686603790558252e-06,False,0.34560906515580503,0.001930685233749628,0.001403089583403649,True
R-mf1,val,phase_accuracy,handROImask2,3,3,1.3070613992091813e-06,1.3070613992091974e-06,1.3070613992091974e-06,False,0.5000000000000031,0.0011432678597814167,0.001143267859781424,False
R-mf1,val,phase_accuracy,bboxROI_handROIbbox2,3,3,1.7911582137312025e-06,5.80916177426338e-07,5.80916177426338e-07,False,0.2448979591836741,0.0013383415908247052,0.0007621785731876343,True
R-mf1,val,phase_macro_f1,base,3,3,1.2075116315590291e-05,1.3646907831980766e-05,1.3646907831980766e-05,False,0.5305534181014074,0.0034749268072277856,0.003694172144335015,False
R-mf1,val,phase_macro_f1,bboxROI,3,3,1.1950584148603489e-06,1.7035880702440236e-06,1.7035880702440236e-06,False,0.5877184675670037,0.0010931872734624881,0.00130521571789648,False
R-mf1,val,phase_macro_f1,maskROI,3,3,1.6385011258584004e-06,1.9939451515078514e-06,1.9939451515078514e-06,False,0.5489262605016653,0.0012800395016789132,0.0014120712274909688,False
R-mf1,val,phase_macro_f1,randROI,3,3,2.0944956809389775e-06,3.518082204167964e-06,3.518082204167964e-06,False,0.6268210929425581,0.0014472372579984864,0.0018756551399892157,False
R-mf1,val,phase_macro_f1,shuffleROI,3,3,4.636977454484359e-06,9.86952718582283e-07,9.86952718582283e-07,False,0.17549163809125193,0.0021533642177960417,0.0009934549403884823,True
R-mf1,val,phase_macro_f1,handROIbbox2,3,3,2.3827488599668127e-06,1.0529675728996306e-05,1.0529675728996306e-05,False,0.8154685168884963,0.0015436155155889087,0.003244946182758091,False
R-mf1,val,phase_macro_f1,handROImask2,3,3,2.3581546131318215e-07,8.016055530782357e-06,8.016055530782357e-06,False,0.9714227886573761,0.00048560834147817327,0.0028312639457991826,False
R-mf1,val,phase_macro_f1,bboxROI_handROIbbox2,3,3,9.199698302896226e-07,2.4278473947878474e-06,2.4278473947878474e-06,False,0.7252030895240005,0.0009591505774849029,0.0015581551253927984,False
R-mf1,test,phase_accuracy,base,3,3,3.753542233687468e-05,6.857162752705514e-05,6.857162752705514e-05,False,0.6462494962869142,0.006126615895979988,0.008280798725186788,False
R-mf1,test,phase_accuracy,bboxROI,3,3,7.519301040959007e-06,4.924500811715076e-05,4.924500811715076e-05,False,0.8675347035403012,0.002742134395130736,0.0070174787578695785,False
R-mf1,test,phase_accuracy,maskROI,3,3,6.126611652381608e-06,4.495699078916165e-06,4.495699078916165e-06,False,0.42323174238068123,0.0024751993156878513,0.00212030636440024,True
R-mf1,test,phase_accuracy,randROI,3,3,0.00015526654196599139,8.656256822510948e-05,8.656256822510948e-05,False,0.35794933106566473,0.012460599582925029,0.009303900699443727,True
R-mf1,test,phase_accuracy,shuffleROI,3,3,7.7618000266016e-05,5.66869375254103e-05,5.66869375254103e-05,False,0.4220763469876612,0.008810107846446376,0.007529072819770725,True
R-mf1,test,phase_accuracy,handROIbbox2,3,3,2.4976784692511204e-05,1.4008337709666796e-05,1.4008337709666796e-05,False,0.35932522066120753,0.0049976779300502355,0.003742771394256774,True
R-mf1,test,phase_accuracy,handROImask2,3,3,1.7927821734536552e-05,1.66023235006724e-05,1.66023235006724e-05,False,0.48080665133559014,0.004234125852467845,0.004074594887921056,True
R-mf1,test,phase_accuracy,bboxROI_handROIbbox2,3,3,1.5606672753574524e-05,3.4752079655316836e-05,3.4752079655316836e-05,False,0.6900901629401962,0.003950528161344319,0.005895089452698478,False
R-mf1,test,phase_macro_f1,base,3,3,2.5811738202080976e-05,0.0020935791083620437,0.0020935791083620437,False,0.9878211523636965,0.0050805253864222525,0.04575564564468568,False
R-mf1,test,phase_macro_f1,bboxROI,3,3,4.810542518318927e-05,1.754319901316013e-05,1.754319901316013e-05,False,0.2672287382701262,0.006935807464397297,0.004188460219837372,True
R-mf1,test,phase_macro_f1,maskROI,3,3,2.214990251404229e-05,0.0,-6.78954413977585e-06,True,0.0,0.004706368293497895,0.0,True
R-mf1,test,phase_macro_f1,randROI,3,3,0.00018404042892164986,2.162583306772115e-05,2.162583306772115e-05,False,0.10515012456850502,0.013566150114223631,0.004650358380568228,True
R-mf1,test,phase_macro_f1,shuffleROI,3,3,0.00013014580551808905,4.81692774472477e-05,4.81692774472477e-05,False,0.2701357431250585,0.011408146454095382,0.006940409025932672,True
R-mf1,test,phase_macro_f1,handROIbbox2,3,3,1.4387704593555665e-05,0.00010743655374386369,0.00010743655374386369,False,0.8818978683727692,0.0037931127841860524,0.01036516057491941,False
R-mf1,test,phase_macro_f1,handROImask2,3,3,0.00010949257981872385,0.0001465710269809672,0.0001465710269809672,False,0.5724008531037532,0.010463870212245747,0.012106652178904257,False
R-mf1,test,phase_macro_f1,bboxROI_handROIbbox2,3,3,0.00013437499903882217,0.00010409314217831164,0.00010409314217831164,False,0.4365075420432413,0.01159202307791104,0.010202604676175179,True
R-topk,val,phase_accuracy,base,3,3,8.229645846872823e-07,3.227312096818248e-08,3.227312096818248e-08,False,0.037735849056664265,0.0009071739550313833,0.00017964721252550087,True
R-topk,val,phase_accuracy,bboxROI,3,3,7.745549032350941e-07,1.5007001250179751e-06,1.5007001250179751e-06,False,0.6595744680851034,0.0008800880088008779,0.0012250306628888827,False
R-topk,val,phase_accuracy,maskROI,3,3,1.1618323548526408e-06,9.197839475916831e-07,9.197839475916831e-07,False,0.44186046511628146,0.0010778832751521107,0.000959053672946245,True
R-topk,val,phase_accuracy,randROI,3,3,6.293258588785291e-07,3.969593879079961e-06,3.969593879079961e-06,False,0.8631578947368425,0.0007933006106631515,0.0019923839687871316,False
R-topk,val,phase_accuracy,shuffleROI,3,3,1.6943388508267932e-06,6.454624193621582e-08,6.454624193621582e-08,False,0.036697247706398484,0.0013016677190538272,0.0002540595243957916,True
R-topk,val,phase_accuracy,handROIbbox2,3,3,1.2586517177570418e-06,2.4043475121256556e-06,2.4043475121256556e-06,False,0.6563876651982402,0.00112189648263868,0.001550595857122563,False
R-topk,val,phase_accuracy,handROImask2,3,3,6.777355403307254e-07,3.5984529879465595e-06,3.5984529879465595e-06,False,0.8415094339622674,0.0008232469497852546,0.0018969588788233021,False
R-topk,val,phase_accuracy,bboxROI_handROIbbox2,3,3,8.713742661394787e-07,1.2747882782411345e-06,1.2747882782411345e-06,False,0.5939849624060237,0.0009334742985960988,0.0011290652232006503,False
R-topk,val,phase_macro_f1,base,3,3,7.26876813789051e-06,1.4935094010606047e-05,1.4935094010606047e-05,False,0.672634963715865,0.002696065306681296,0.003864594934867825,False
R-topk,val,phase_macro_f1,bboxROI,3,3,2.452973068390355e-06,4.078501815168169e-06,4.078501815168169e-06,False,0.6244381074533185,0.0015661970081667104,0.002019530097613841,False
R-topk,val,phase_macro_f1,maskROI,3,3,3.0521168158760896e-06,3.2480458465759643e-06,3.2480458465759643e-06,False,0.5155495215915281,0.0017470308571619706,0.0018022335715927513,False
R-topk,val,phase_macro_f1,randROI,3,3,1.245303078663211e-06,3.2053055438213504e-06,3.2053055438213504e-06,False,0.720194880230107,0.0011159314847530787,0.0017903367124151117,False
R-topk,val,phase_macro_f1,shuffleROI,3,3,1.1254131546826986e-05,1.0303984911501008e-06,1.0303984911501008e-06,False,0.08387772979224024,0.0033547178043506114,0.0010150854600229978,True
R-topk,val,phase_macro_f1,handROIbbox2,3,3,9.298655360592336e-06,0.0,-1.1249248407277075e-09,True,0.0,0.0030493696661100856,0.0,True
R-topk,val,phase_macro_f1,handROImask2,3,3,1.094630598375556e-05,8.094850634444053e-06,8.094850634444053e-06,False,0.4251238932989482,0.0033085202105708165,0.0028451450990141175,True
R-topk,val,phase_macro_f1,bboxROI_handROIbbox2,3,3,1.241344660752587e-06,2.434557738709848e-06,2.434557738709848e-06,False,0.6623020619551484,0.0011141564794734118,0.0015603069373395248,False
R-topk,test,phase_accuracy,base,3,3,6.48089228631802e-06,9.462143459936172e-05,9.462143459936172e-05,False,0.9358976940892151,0.0025457596678237363,0.009727354964190508,False
R-topk,test,phase_accuracy,bboxROI,3,3,3.6466472148273834e-06,3.9626492515337856e-05,3.9626492515337856e-05,False,0.9157295440643669,0.001909619651875049,0.006294957705603578,False
R-topk,test,phase_accuracy,maskROI,3,3,2.3675719605813952e-05,5.212404729179101e-07,5.212404729179101e-07,False,0.021541568495459854,0.004865770196568468,0.0007219698559620824,True
R-topk,test,phase_accuracy,randROI,3,3,2.5929677432063995e-05,8.981624898965009e-05,8.981624898965009e-05,False,0.7759776241490296,0.005092119149437098,0.009477143503696148,False
R-topk,test,phase_accuracy,shuffleROI,3,3,2.5489880783039395e-05,0.0,-2.484036628748506e-07,True,0.0,0.00504875041797863,0.0,True
R-topk,test,phase_accuracy,handROIbbox2,3,3,3.454847009558415e-05,0.0,-5.637948709021273e-06,True,0.0,0.005877794662591077,0.0,True
R-topk,test,phase_accuracy,handROImask2,3,3,4.537235429101809e-05,4.6932003518575695e-06,4.6932003518575695e-06,False,0.09374110374557515,0.006735900406851195,0.0021663795493536146,True
R-topk,test,phase_accuracy,bboxROI_handROIbbox2,3,3,5.068045551327066e-05,6.590027010335291e-05,6.590027010335291e-05,False,0.5652758614667261,0.007119020684986851,0.00811789813334418,False
R-topk,test,phase_macro_f1,base,3,3,6.726696979552376e-06,0.0007778122020041762,0.0007778122020041762,False,0.9914259229360507,0.0025935876656770977,0.02788928471661072,False
R-topk,test,phase_macro_f1,bboxROI,3,3,7.417112829070569e-06,0.00019664387840808537,0.00019664387840808537,False,0.9636524708416685,0.002723437685916564,0.014022976802665166,False
R-topk,test,phase_macro_f1,maskROI,3,3,4.642712059015248e-05,1.843231998858053e-05,1.843231998858053e-05,False,0.2841886982698455,0.006813744975426692,0.004293287783107549,True
R-topk,test,phase_macro_f1,randROI,3,3,1.4211650991864048e-05,0.00012944140565984577,0.00012944140565984577,False,0.901069623416921,0.003769834345414139,0.011377231897955045,False
R-topk,test,phase_macro_f1,shuffleROI,3,3,5.1887446158072936e-05,0.0001393765351296762,0.0001393765351296762,False,0.728712924363891,0.007203294118531669,0.011805783969295568,False
R-topk,test,phase_macro_f1,handROIbbox2,3,3,5.612946315338021e-05,0.00013442810032702422,0.00013442810032702422,False,0.7054461542842294,0.007491959900678875,0.011594313275352888,False
R-topk,test,phase_macro_f1,handROImask2,3,3,4.083937005329611e-05,0.0001603401292131906,0.0001603401292131906,False,0.7970003394868808,0.006390568836441409,0.01266254829065582,False
R-topk,test,phase_macro_f1,bboxROI_handROIbbox2,3,3,2.6582570276475047e-05,0.0,-1.8150973761371895e-06,True,0.0,0.005155828767179438,0.0,True
