experiment_id,group,step,n_runs,n_seeds,sigma_source,sigma_interpretation,determinism_class,n_runs_det,n_runs_nondet,entrypoints,n_verdicts,n_significant
_smoke_prior/s0/maskdino_bbox@val,_smoke_prior,s0,3,3,(記録なし),unknown,uncontrolled,0,3,/home/ubuntu/slocal2/egosurgery_multitask/src/egosurgery/train.py,0,0
_smoke_prior/s0/varifocanet_bbox@val,_smoke_prior,s0,3,3,(記録なし),unknown,uncontrolled,0,3,/home/ubuntu/slocal2/egosurgery_multitask/src/egosurgery/train.py,0,0
baselines/s0/aligndetr_bbox@val,baselines,s0,3,3,(記録なし),unknown,uncontrolled,0,3,UNPARSED_COMMAND,0,0
baselines/s0/codetr_bbox@val,baselines,s0,3,3,(記録なし),unknown,uncontrolled,0,3,/home/ubuntu/slocal2/m2/src/egosurgery/train.py,0,0
baselines/s0/dacdetr_bbox@val,baselines,s0,3,3,(記録なし),unknown,uncontrolled,0,3,UNPARSED_COMMAND,0,0
baselines/s0/ddq_bbox@val,baselines,s0,3,3,(記録なし),unknown,uncontrolled,0,3,/home/ubuntu/slocal2/m2/src/egosurgery/train.py,0,0
baselines/s0/ddq_smoke@val,baselines,s0,1,1,(記録なし),unknown,uncontrolled,0,1,/home/ubuntu/slocal2/m2/src/egosurgery/train.py,0,0
baselines/s0/dimaskdino_bbox@val,baselines,s0,3,3,(記録なし),unknown,uncontrolled,0,3,train_net_egosurgery.py,0,0
baselines/s0/focusdetr_bbox@val,baselines,s0,3,3,(記録なし),unknown,uncontrolled,0,3,UNPARSED_COMMAND,0,0
baselines/s0/maskdino_bbox@val#None,baselines,s0,3,3,(記録なし),unknown,uncontrolled,0,3,/home/ubuntu/slocal2/egosurgery_multitask/src/egosurgery/train.py,0,0
baselines/s0/maskdino_bbox@val#a63aecae,baselines,s0,3,3,(記録なし),unknown,uncontrolled,0,3,/home/ubuntu/slocal2/m2/src/egosurgery/train.py,0,0
baselines/s0/maskdino_bbox_nmsfree@val,baselines,s0,3,3,(記録なし),unknown,uncontrolled,0,3,scripts/reeval_s0_nms_free.py,0,0
baselines/s0/mrdetralign_bbox@val,baselines,s0,3,3,(記録なし),unknown,uncontrolled,0,3,UNPARSED_COMMAND,0,0
baselines/s0/mrdetrdino_bbox@val,baselines,s0,3,3,(記録なし),unknown,uncontrolled,0,3,UNPARSED_COMMAND,0,0
baselines/s0/relationdetr_bbox@val,baselines,s0,3,3,(記録なし),unknown,uncontrolled,0,3,UNPARSED_COMMAND,0,0
baselines/s0/sensex_codino_bbox@val,baselines,s0,1,1,(記録なし),unknown,uncontrolled,0,1,tools/train.py,0,0
baselines/s0/stabledino_bbox@val,baselines,s0,3,3,(記録なし),unknown,uncontrolled,0,3,tools/train_net_egosurgery.py,0,0
baselines/s0/varifocanet_bbox@val#None,baselines,s0,3,3,(記録なし),unknown,uncontrolled,0,3,/home/ubuntu/slocal2/egosurgery_multitask/src/egosurgery/train.py,0,0
baselines/s0/varifocanet_bbox@val#a63aecae,baselines,s0,3,3,(記録なし),unknown,uncontrolled,0,3,/home/ubuntu/slocal2/m2/src/egosurgery/train.py,0,0
baselines/s0/wiring_verification@val,baselines,s0,2,1,(記録なし),unknown,uncontrolled,0,2,/home/ubuntu/slocal2/m2/src/egosurgery/train.py,0,0
baselines/s0_frozen/relationdetr_s0frozen_cocohead@val,baselines,s0_frozen,3,3,(記録なし),unknown,uncontrolled,0,3,UNPARSED_COMMAND,0,0
baselines/s0_frozen/relationdetr_s0frozen_neck_cocohead@val,baselines,s0_frozen,3,3,(記録なし),unknown,uncontrolled,0,3,UNPARSED_COMMAND,0,0
g2_followup_2026-07-29/base/base@val,g2_followup_2026-07-29,base,6,3,(記録なし),unknown,uncontrolled,0,6,NO_COMMAND_RECORD,0,0
g2_followup_2026-07-29/bboxROI/bboxROI@val,g2_followup_2026-07-29,bboxROI,6,3,(記録なし),unknown,uncontrolled,0,6,NO_COMMAND_RECORD,0,0
g2_followup_2026-07-29/bboxROI_handROIbbox2/bboxROI_handROIbbox2@val,g2_followup_2026-07-29,bboxROI_handROIbbox2,3,3,(記録なし),unknown,uncontrolled,0,3,NO_COMMAND_RECORD,0,0
g2_followup_2026-07-29/handPresence/handPresence@val,g2_followup_2026-07-29,handPresence,3,3,(記録なし),unknown,uncontrolled,0,3,NO_COMMAND_RECORD,0,0
g2_followup_2026-07-29/handROIbbox2/handROIbbox2@val,g2_followup_2026-07-29,handROIbbox2,3,3,(記録なし),unknown,uncontrolled,0,3,NO_COMMAND_RECORD,0,0
g2_followup_2026-07-29/handROIbbox4/handROIbbox4@val,g2_followup_2026-07-29,handROIbbox4,3,3,(記録なし),unknown,uncontrolled,0,3,NO_COMMAND_RECORD,0,0
g2_followup_2026-07-29/handROImask2/handROImask2@val,g2_followup_2026-07-29,handROImask2,3,3,(記録なし),unknown,uncontrolled,0,3,NO_COMMAND_RECORD,0,0
g2_followup_2026-07-29/shuffleROI/shuffleROI@val,g2_followup_2026-07-29,shuffleROI,3,3,(記録なし),unknown,uncontrolled,0,3,NO_COMMAND_RECORD,0,0
g2_main_2026-07-29_lecun/base/base@val,g2_main_2026-07-29_lecun,base,3,3,(記録なし),unknown,uncontrolled,0,3,NO_COMMAND_RECORD,0,0
g2_main_2026-07-29_lecun/bboxROI/bboxROI@val,g2_main_2026-07-29_lecun,bboxROI,3,3,(記録なし),unknown,uncontrolled,0,3,NO_COMMAND_RECORD,0,0
g2_main_2026-07-29_lecun/maskROI/maskROI@val,g2_main_2026-07-29_lecun,maskROI,3,3,(記録なし),unknown,uncontrolled,0,3,NO_COMMAND_RECORD,0,0
g2_main_2026-07-29_lecun/randROI/randROI@val,g2_main_2026-07-29_lecun,randROI,3,3,(記録なし),unknown,uncontrolled,0,3,NO_COMMAND_RECORD,0,0
hand2det_dev/hand2det_1ep_4ch_all/hand2det_1ep_4ch_all@val,hand2det_dev,hand2det_1ep_4ch_all,1,1,(記録なし),unknown,uncontrolled,0,1,scripts/train_hand2det.py,5,0
hand2det_dev/hand2det_1ep_4ch_film/hand2det_1ep_4ch_film@val,hand2det_dev,hand2det_1ep_4ch_film,1,1,(記録なし),unknown,uncontrolled,0,1,scripts/train_hand2det.py,5,0
hand2det_dev/hand2det_4ch_film_inj/hand2det_4ch_film_inj@val,hand2det_dev,hand2det_4ch_film_inj,1,1,(記録なし),unknown,uncontrolled,0,1,scripts/train_hand2det.py,5,0
hand2det_dev/identity_ctrl_4ch/identity_ctrl_4ch@val,hand2det_dev,_identity_ctrl_4ch,3,3,(記録なし),unknown,uncontrolled,0,3,scripts/train_hand2det.py,6,0
hand2det_dev/identity_ctrl_4ch_real/identity_ctrl_4ch_real@val,hand2det_dev,_identity_ctrl_4ch_real,3,3,(記録なし),unknown,uncontrolled,0,3,scripts/train_hand2det.py,6,0
hand2det_dev/identity_ctrl_5ch/identity_ctrl_5ch@val,hand2det_dev,_identity_ctrl_5ch,3,3,(記録なし),unknown,uncontrolled,0,3,scripts/train_hand2det.py,6,0
hand2det_dev/identity_inj_4ch/identity_inj_4ch@val,hand2det_dev,_identity_inj_4ch,3,3,(記録なし),unknown,uncontrolled,0,3,scripts/train_hand2det.py,6,0
hand2det_dev/identity_inj_4ch_real/identity_inj_4ch_real@val,hand2det_dev,_identity_inj_4ch_real,3,3,(記録なし),unknown,uncontrolled,0,3,scripts/train_hand2det.py,6,0
hand2det_dev/identity_inj_5ch/identity_inj_5ch@val,hand2det_dev,_identity_inj_5ch,3,3,(記録なし),unknown,uncontrolled,0,3,scripts/train_hand2det.py,6,0
phase0/s3/phase_frame@None,phase0,s3,3,3,(記録なし),unknown,uncontrolled,0,3,/home/ubuntu/slocal2/egosurgery_multitask/src/egosurgery/train.py,0,0
phase1/s4_grasp_injection/frozen_tecno_grasp_inference_ctrl@val~relation_detr_seed42,phase1,s4_grasp_injection,73,60,(記録なし),unknown,MIXED,60,13,scripts/train_grasp_phase_injection.py;scripts/train_grasp_phase_injection_variants.py,0,0
phase1/s4_grasp_injection/frozen_tecno_grasp_inference_inj@val~relation_detr_seed42,phase1,s4_grasp_injection,73,60,(記録なし),unknown,MIXED,60,13,scripts/train_grasp_phase_injection.py;scripts/train_grasp_phase_injection_variants.py,0,0
phase1/s4_grasp_injection/frozen_tecno_grasp_inference_inj_oracle_upper_bound_only@val~relation_detr_seed42,phase1,s4_grasp_injection,70,60,(記録なし),unknown,MIXED,60,10,scripts/train_grasp_phase_injection_variants.py,0,0
phase1/s4_grasp_injection/frozen_tecno_grasp_inference_inj_rawlogits@val~relation_detr_seed42,phase1,s4_grasp_injection,70,60,(記録なし),unknown,MIXED,60,10,scripts/train_grasp_phase_injection_variants.py,0,0
phase1/s4_grasp_injection/frozen_tecno_grasp_inference_inj_staged@val~relation_detr_seed42,phase1,s4_grasp_injection,70,60,(記録なし),unknown,MIXED,60,10,scripts/train_grasp_phase_injection_variants.py,0,0
phase1/s4_grasp_injection/frozen_tecno_grasp_inference_inj_standardized@val~relation_detr_seed42,phase1,s4_grasp_injection,70,60,(記録なし),unknown,MIXED,60,10,scripts/train_grasp_phase_injection_variants.py,0,0
phase1/s4_phase_baseline/frozen_tecno_phase_baseline@val~relation_detr_augstrong_hires_seed42,phase1,s4_phase_baseline,3,3,(記録なし),unknown,uncontrolled,0,3,scripts/train_s4_tecno.py,0,0
phase1/s4_phase_baseline/frozen_tecno_phase_baseline@val~relation_detr_augstrong_seed123,phase1,s4_phase_baseline,6,3,(記録なし),unknown,uncontrolled,0,6,scripts/train_s4_tecno.py,0,0
phase1/s4_phase_baseline/frozen_tecno_phase_baseline@val~relation_detr_augstrong_seed42,phase1,s4_phase_baseline,11,3,(記録なし),unknown,uncontrolled,0,11,scripts/train_s4_tecno.py,0,0
phase1/s4_phase_baseline/frozen_tecno_phase_baseline@val~relation_detr_augstrong_seed456,phase1,s4_phase_baseline,6,3,(記録なし),unknown,uncontrolled,0,6,scripts/train_s4_tecno.py,0,0
phase1/s4_phase_baseline/frozen_tecno_phase_baseline@val~relation_detr_seed123,phase1,s4_phase_baseline,6,3,(記録なし),unknown,uncontrolled,0,6,scripts/train_s4_tecno.py,0,0
phase1/s4_phase_baseline/frozen_tecno_phase_baseline@val~relation_detr_seed42,phase1,s4_phase_baseline,17,3,(記録なし),unknown,uncontrolled,0,17,scripts/train_s4_tecno.py,0,0
phase1/s4_phase_baseline/frozen_tecno_phase_baseline@val~relation_detr_seed456,phase1,s4_phase_baseline,6,3,(記録なし),unknown,uncontrolled,0,6,scripts/train_s4_tecno.py,0,0
phase1/s4_phase_baseline/frozen_tecno_phase_baseline_aligndetr@val~aligndetr_seed42,phase1,s4_phase_baseline,3,3,(記録なし),unknown,uncontrolled,0,3,/tmp/queue_runner/train_s4_tecno_aligndetr.py,0,0
phase1/s4_phase_baseline/frozen_tecno_phase_baseline_neck@val~relation_detr_seed42,phase1,s4_phase_baseline,3,3,(記録なし),unknown,uncontrolled,0,3,scripts/train_s4_tecno.py,0,0
phase1/s4_phase_baseline/frozen_tecno_phase_necktransfer@val~relation_detr_seed42,phase1,s4_phase_baseline,3,3,(記録なし),unknown,uncontrolled,0,3,scripts/train_s4_tecno.py,0,0
transfer/b1_mtl/b1_naive_mtl_fixed@val,transfer,b1_mtl,3,3,(記録なし),unknown,uncontrolled,0,3,scripts/postprocess_b1.py,0,0
transfer/b1_mtl/b1_naive_mtl_uncertainty@val,transfer,b1_mtl,3,3,(記録なし),unknown,uncontrolled,0,3,scripts/postprocess_b1.py,0,0
transfer/b2a_base_oracle_noise_p010/b2a_base_oracle_noise_p010@val~relation_detr_seed42,transfer,b2a_base_oracle_noise_p010,3,3,paired_delta,mixed_with_nondeterminism,uncontrolled,0,3,scripts/train_b2a.py,7,6
transfer/b2a_base_oracle_noise_p020/b2a_base_oracle_noise_p020@val~relation_detr_seed42,transfer,b2a_base_oracle_noise_p020,3,3,paired_delta,mixed_with_nondeterminism,uncontrolled,0,3,scripts/train_b2a.py,7,3
transfer/b2a_base_oracle_noise_p030/b2a_base_oracle_noise_p030@val~relation_detr_seed42,transfer,b2a_base_oracle_noise_p030,3,3,paired_delta,mixed_with_nondeterminism,uncontrolled,0,3,scripts/train_b2a.py,7,3
transfer/b2a_base_oracle_top3noise_p010/b2a_base_oracle_top3noise_p010@val~relation_detr_seed42,transfer,b2a_base_oracle_top3noise_p010,3,3,paired_delta,mixed_with_nondeterminism,uncontrolled,0,3,scripts/train_b2a.py,7,7
transfer/b2a_base_oracle_top3noise_p020/b2a_base_oracle_top3noise_p020@val~relation_detr_seed42,transfer,b2a_base_oracle_top3noise_p020,3,3,paired_delta,mixed_with_nondeterminism,uncontrolled,0,3,scripts/train_b2a.py,7,4
transfer/b2a_base_oracle_top3noise_p030/b2a_base_oracle_top3noise_p030@val~relation_detr_seed42,transfer,b2a_base_oracle_top3noise_p030,3,3,paired_delta,mixed_with_nondeterminism,uncontrolled,0,3,scripts/train_b2a.py,7,5
transfer/b2a_det2phase/b2a_det2phase_toolpresence@val~relation_detr_seed42,transfer,b2a_det2phase,3,3,paired_delta,mixed_with_nondeterminism,uncontrolled,0,3,/home/ubuntu/slocal2/m2/scripts/train_b2a.py,7,7
transfer/b2a_det2phase_oracletool/b2a_det2phase_oracletool@val~relation_detr_seed42,transfer,b2a_det2phase_oracletool,8,5,paired_delta,mixed_with_nondeterminism,uncontrolled,0,8,scripts/train_b2a.py,7,7
transfer/b2a_det2phase_toolpresence/b2a_det2phase_toolpresence@val~relation_detr_augstrong_hires_seed42,transfer,b2a_det2phase_toolpresence,3,3,paired_delta,unknown,uncontrolled,0,3,scripts/train_b2a.py,7,3
transfer/b2a_det2phase_toolpresence/b2a_det2phase_toolpresence@val~relation_detr_augstrong_seed123,transfer,b2a_det2phase_toolpresence,3,3,paired_delta,seed_effect,uncontrolled,0,3,scripts/train_b2a.py,7,6
transfer/b2a_det2phase_toolpresence/b2a_det2phase_toolpresence@val~relation_detr_augstrong_seed42,transfer,b2a_det2phase_toolpresence,8,3,paired_delta,mixed_with_nondeterminism,uncontrolled,0,8,scripts/train_b2a.py,7,3
transfer/b2a_det2phase_toolpresence/b2a_det2phase_toolpresence@val~relation_detr_augstrong_seed456,transfer,b2a_det2phase_toolpresence,3,3,paired_delta,seed_effect,uncontrolled,0,3,scripts/train_b2a.py,7,3
transfer/b2a_det2phase_toolpresence/b2a_det2phase_toolpresence@val~relation_detr_seed123,transfer,b2a_det2phase_toolpresence,3,3,paired_delta,seed_effect,uncontrolled,0,3,scripts/train_b2a.py,7,7
transfer/b2a_det2phase_toolpresence/b2a_det2phase_toolpresence@val~relation_detr_seed42,transfer,b2a_det2phase_toolpresence,9,5,paired_delta,mixed_with_nondeterminism,uncontrolled,0,9,scripts/train_b2a.py,7,7
transfer/b2a_det2phase_toolpresence/b2a_det2phase_toolpresence@val~relation_detr_seed456,transfer,b2a_det2phase_toolpresence,3,3,paired_delta,seed_effect,uncontrolled,0,3,scripts/train_b2a.py,7,3
transfer/b2a_mask_dim_00/b2a_mask_dim_00@val~relation_detr_seed42,transfer,b2a_mask_dim_00,3,3,paired_delta,mixed_with_nondeterminism,uncontrolled,0,3,scripts/train_b2a.py,7,3
transfer/b2a_mask_dim_01/b2a_mask_dim_01@val~relation_detr_seed42,transfer,b2a_mask_dim_01,3,3,paired_delta,mixed_with_nondeterminism,uncontrolled,0,3,scripts/train_b2a.py,7,6
transfer/b2a_mask_dim_02/b2a_mask_dim_02@val~relation_detr_seed42,transfer,b2a_mask_dim_02,3,3,paired_delta,mixed_with_nondeterminism,uncontrolled,0,3,scripts/train_b2a.py,7,5
transfer/b2a_mask_dim_03/b2a_mask_dim_03@val~relation_detr_seed42,transfer,b2a_mask_dim_03,3,3,paired_delta,mixed_with_nondeterminism,uncontrolled,0,3,scripts/train_b2a.py,7,7
transfer/b2a_mask_dim_04/b2a_mask_dim_04@val~relation_detr_seed42,transfer,b2a_mask_dim_04,3,3,paired_delta,mixed_with_nondeterminism,uncontrolled,0,3,scripts/train_b2a.py,7,7
transfer/b2a_mask_dim_05/b2a_mask_dim_05@val~relation_detr_seed42,transfer,b2a_mask_dim_05,3,3,paired_delta,mixed_with_nondeterminism,uncontrolled,0,3,scripts/train_b2a.py,7,6
transfer/b2a_mask_dim_06/b2a_mask_dim_06@val~relation_detr_seed42,transfer,b2a_mask_dim_06,3,3,paired_delta,mixed_with_nondeterminism,uncontrolled,0,3,scripts/train_b2a.py,7,7
transfer/b2a_mask_dim_07/b2a_mask_dim_07@val~relation_detr_seed42,transfer,b2a_mask_dim_07,3,3,paired_delta,mixed_with_nondeterminism,uncontrolled,0,3,scripts/train_b2a.py,7,7
transfer/b2a_mask_dim_08/b2a_mask_dim_08@val~relation_detr_seed42,transfer,b2a_mask_dim_08,3,3,paired_delta,mixed_with_nondeterminism,uncontrolled,0,3,scripts/train_b2a.py,7,3
transfer/b2a_mask_dim_09/b2a_mask_dim_09@val~relation_detr_seed42,transfer,b2a_mask_dim_09,3,3,paired_delta,mixed_with_nondeterminism,uncontrolled,0,3,scripts/train_b2a.py,7,7
transfer/b2a_mask_dim_10/b2a_mask_dim_10@val~relation_detr_seed42,transfer,b2a_mask_dim_10,3,3,paired_delta,mixed_with_nondeterminism,uncontrolled,0,3,scripts/train_b2a.py,7,7
transfer/b2a_mask_dim_11/b2a_mask_dim_11@val~relation_detr_seed42,transfer,b2a_mask_dim_11,3,3,paired_delta,mixed_with_nondeterminism,uncontrolled,0,3,scripts/train_b2a.py,7,3
transfer/b2a_mask_dim_12/b2a_mask_dim_12@val~relation_detr_seed42,transfer,b2a_mask_dim_12,3,3,paired_delta,mixed_with_nondeterminism,uncontrolled,0,3,scripts/train_b2a.py,7,7
transfer/b2a_mask_dim_13/b2a_mask_dim_13@val~relation_detr_seed42,transfer,b2a_mask_dim_13,3,3,paired_delta,mixed_with_nondeterminism,uncontrolled,0,3,scripts/train_b2a.py,7,5
transfer/b2a_mask_dim_14/b2a_mask_dim_14@val~relation_detr_seed42,transfer,b2a_mask_dim_14,3,3,paired_delta,mixed_with_nondeterminism,uncontrolled,0,3,scripts/train_b2a.py,7,7
transfer/b2a_oracle_mask_00/b2a_oracle_mask_00@val~relation_detr_seed42,transfer,b2a_oracle_mask_00,3,3,paired_delta,mixed_with_nondeterminism,uncontrolled,0,3,scripts/train_b2a.py,7,7
transfer/b2a_oracle_mask_01/b2a_oracle_mask_01@val~relation_detr_seed42,transfer,b2a_oracle_mask_01,3,3,paired_delta,mixed_with_nondeterminism,uncontrolled,0,3,scripts/train_b2a.py,7,7
transfer/b2a_oracle_mask_02/b2a_oracle_mask_02@val~relation_detr_seed42,transfer,b2a_oracle_mask_02,3,3,paired_delta,mixed_with_nondeterminism,uncontrolled,0,3,scripts/train_b2a.py,7,7
transfer/b2a_oracle_mask_03/b2a_oracle_mask_03@val~relation_detr_seed42,transfer,b2a_oracle_mask_03,3,3,paired_delta,mixed_with_nondeterminism,uncontrolled,0,3,scripts/train_b2a.py,7,7
transfer/b2a_oracle_mask_04/b2a_oracle_mask_04@val~relation_detr_seed42,transfer,b2a_oracle_mask_04,3,3,paired_delta,mixed_with_nondeterminism,uncontrolled,0,3,scripts/train_b2a.py,7,7
transfer/b2a_oracle_mask_05/b2a_oracle_mask_05@val~relation_detr_seed42,transfer,b2a_oracle_mask_05,3,3,paired_delta,mixed_with_nondeterminism,uncontrolled,0,3,scripts/train_b2a.py,7,7
transfer/b2a_oracle_mask_06/b2a_oracle_mask_06@val~relation_detr_seed42,transfer,b2a_oracle_mask_06,3,3,paired_delta,mixed_with_nondeterminism,uncontrolled,0,3,scripts/train_b2a.py,7,7
transfer/b2a_oracle_mask_07/b2a_oracle_mask_07@val~relation_detr_seed42,transfer,b2a_oracle_mask_07,3,3,paired_delta,mixed_with_nondeterminism,uncontrolled,0,3,scripts/train_b2a.py,7,7
transfer/b2a_oracle_mask_08/b2a_oracle_mask_08@val~relation_detr_seed42,transfer,b2a_oracle_mask_08,3,3,paired_delta,mixed_with_nondeterminism,uncontrolled,0,3,scripts/train_b2a.py,7,7
transfer/b2a_oracle_mask_09/b2a_oracle_mask_09@val~relation_detr_seed42,transfer,b2a_oracle_mask_09,3,3,paired_delta,mixed_with_nondeterminism,uncontrolled,0,3,scripts/train_b2a.py,7,6
transfer/b2a_oracle_mask_10/b2a_oracle_mask_10@val~relation_detr_seed42,transfer,b2a_oracle_mask_10,3,3,paired_delta,mixed_with_nondeterminism,uncontrolled,0,3,scripts/train_b2a.py,7,7
transfer/b2a_oracle_mask_11/b2a_oracle_mask_11@val~relation_detr_seed42,transfer,b2a_oracle_mask_11,3,3,paired_delta,mixed_with_nondeterminism,uncontrolled,0,3,scripts/train_b2a.py,7,7
transfer/b2a_oracle_mask_12/b2a_oracle_mask_12@val~relation_detr_seed42,transfer,b2a_oracle_mask_12,3,3,paired_delta,mixed_with_nondeterminism,uncontrolled,0,3,scripts/train_b2a.py,7,7
transfer/b2a_oracle_mask_13/b2a_oracle_mask_13@val~relation_detr_seed42,transfer,b2a_oracle_mask_13,3,3,paired_delta,mixed_with_nondeterminism,uncontrolled,0,3,scripts/train_b2a.py,7,7
transfer/b2a_oracle_mask_14/b2a_oracle_mask_14@val~relation_detr_seed42,transfer,b2a_oracle_mask_14,3,3,paired_delta,mixed_with_nondeterminism,uncontrolled,0,3,scripts/train_b2a.py,7,7
transfer/b2a_oracle_mask_top3_joint/b2a_oracle_mask_top3_joint@val~relation_detr_seed42,transfer,b2a_oracle_mask_top3_joint,3,3,paired_delta,mixed_with_nondeterminism,uncontrolled,0,3,scripts/train_b2a.py,7,5
transfer/b2a_regiononly_mask_00/b2a_regiononly_mask_00@val~relation_detr_seed42,transfer,b2a_regiononly_mask_00,3,3,paired_delta,mixed_with_nondeterminism,uncontrolled,0,3,scripts/train_b2a.py,7,6
transfer/b2a_regiononly_mask_01/b2a_regiononly_mask_01@val~relation_detr_seed42,transfer,b2a_regiononly_mask_01,3,3,paired_delta,mixed_with_nondeterminism,uncontrolled,0,3,scripts/train_b2a.py,7,3
transfer/b2a_regiononly_mask_02/b2a_regiononly_mask_02@val~relation_detr_seed42,transfer,b2a_regiononly_mask_02,3,3,paired_delta,mixed_with_nondeterminism,uncontrolled,0,3,scripts/train_b2a.py,7,6
transfer/b2a_regiononly_mask_03/b2a_regiononly_mask_03@val~relation_detr_seed42,transfer,b2a_regiononly_mask_03,3,3,paired_delta,mixed_with_nondeterminism,uncontrolled,0,3,scripts/train_b2a.py,7,6
transfer/b2a_regiononly_mask_04/b2a_regiononly_mask_04@val~relation_detr_seed42,transfer,b2a_regiononly_mask_04,3,3,paired_delta,mixed_with_nondeterminism,uncontrolled,0,3,scripts/train_b2a.py,7,6
transfer/b2a_regiononly_mask_05/b2a_regiononly_mask_05@val~relation_detr_seed42,transfer,b2a_regiononly_mask_05,3,3,paired_delta,mixed_with_nondeterminism,uncontrolled,0,3,scripts/train_b2a.py,7,6
transfer/b2a_regiononly_mask_06/b2a_regiononly_mask_06@val~relation_detr_seed42,transfer,b2a_regiononly_mask_06,3,3,paired_delta,mixed_with_nondeterminism,uncontrolled,0,3,scripts/train_b2a.py,7,7
transfer/b2a_regiononly_mask_07/b2a_regiononly_mask_07@val~relation_detr_seed42,transfer,b2a_regiononly_mask_07,3,3,paired_delta,mixed_with_nondeterminism,uncontrolled,0,3,scripts/train_b2a.py,7,4
transfer/b2a_regiononly_mask_08/b2a_regiononly_mask_08@val~relation_detr_seed42,transfer,b2a_regiononly_mask_08,3,3,paired_delta,mixed_with_nondeterminism,uncontrolled,0,3,scripts/train_b2a.py,7,6
transfer/b2a_regiononly_mask_09/b2a_regiononly_mask_09@val~relation_detr_seed42,transfer,b2a_regiononly_mask_09,3,3,paired_delta,mixed_with_nondeterminism,uncontrolled,0,3,scripts/train_b2a.py,7,7
transfer/b2a_regiononly_mask_10/b2a_regiononly_mask_10@val~relation_detr_seed42,transfer,b2a_regiononly_mask_10,3,3,paired_delta,mixed_with_nondeterminism,uncontrolled,0,3,scripts/train_b2a.py,7,3
transfer/b2a_regiononly_mask_11/b2a_regiononly_mask_11@val~relation_detr_seed42,transfer,b2a_regiononly_mask_11,3,3,paired_delta,mixed_with_nondeterminism,uncontrolled,0,3,scripts/train_b2a.py,7,4
transfer/b2a_regiononly_mask_12/b2a_regiononly_mask_12@val~relation_detr_seed42,transfer,b2a_regiononly_mask_12,3,3,paired_delta,mixed_with_nondeterminism,uncontrolled,0,3,scripts/train_b2a.py,7,6
transfer/b2a_regiononly_mask_13/b2a_regiononly_mask_13@val~relation_detr_seed42,transfer,b2a_regiononly_mask_13,3,3,paired_delta,mixed_with_nondeterminism,uncontrolled,0,3,scripts/train_b2a.py,7,6
transfer/b2a_regiononly_mask_14/b2a_regiononly_mask_14@val~relation_detr_seed42,transfer,b2a_regiononly_mask_14,3,3,paired_delta,mixed_with_nondeterminism,uncontrolled,0,3,scripts/train_b2a.py,7,7
transfer/b2a_regiononly_oracle/b2a_regiononly_oracle@val~relation_detr_seed42,transfer,b2a_regiononly_oracle,3,3,paired_delta,mixed_with_nondeterminism,uncontrolled,0,3,scripts/train_b2a.py,7,7
transfer/b2a_regiononly_oracle_mask_top3/b2a_regiononly_oracle_mask_top3@val~relation_detr_seed42,transfer,b2a_regiononly_oracle_mask_top3,3,3,paired_delta,mixed_with_nondeterminism,uncontrolled,0,3,scripts/train_b2a.py,7,7
transfer/b2a_regiononly_pred/b2a_regiononly_pred@val~relation_detr_seed42,transfer,b2a_regiononly_pred,3,3,paired_delta,mixed_with_nondeterminism,uncontrolled,0,3,scripts/train_b2a.py,7,6
transfer/b2a_ro_oracle_bipolarnoise_p010/b2a_ro_oracle_bipolarnoise_p010@val~relation_detr_seed42,transfer,b2a_ro_oracle_bipolarnoise_p010,3,3,paired_delta,mixed_with_nondeterminism,uncontrolled,0,3,scripts/train_b2a.py,7,7
transfer/b2a_ro_oracle_bipolarnoise_p020/b2a_ro_oracle_bipolarnoise_p020@val~relation_detr_seed42,transfer,b2a_ro_oracle_bipolarnoise_p020,3,3,paired_delta,mixed_with_nondeterminism,uncontrolled,0,3,scripts/train_b2a.py,7,7
transfer/b2a_ro_oracle_bipolarnoise_p030/b2a_ro_oracle_bipolarnoise_p030@val~relation_detr_seed42,transfer,b2a_ro_oracle_bipolarnoise_p030,3,3,paired_delta,mixed_with_nondeterminism,uncontrolled,0,3,scripts/train_b2a.py,7,7
transfer/b2a_ro_oracle_bsnoise_p010/b2a_ro_oracle_bsnoise_p010@val~relation_detr_seed42,transfer,b2a_ro_oracle_bsnoise_p010,3,3,paired_delta,mixed_with_nondeterminism,uncontrolled,0,3,scripts/train_b2a.py,7,7
transfer/b2a_ro_oracle_bsnoise_p020/b2a_ro_oracle_bsnoise_p020@val~relation_detr_seed42,transfer,b2a_ro_oracle_bsnoise_p020,3,3,paired_delta,mixed_with_nondeterminism,uncontrolled,0,3,scripts/train_b2a.py,7,7
transfer/b2a_ro_oracle_bsnoise_p030/b2a_ro_oracle_bsnoise_p030@val~relation_detr_seed42,transfer,b2a_ro_oracle_bsnoise_p030,3,3,paired_delta,mixed_with_nondeterminism,uncontrolled,0,3,scripts/train_b2a.py,7,3
transfer/b2a_ro_oracle_nhnoise_p010/b2a_ro_oracle_nhnoise_p010@val~relation_detr_seed42,transfer,b2a_ro_oracle_nhnoise_p010,3,3,paired_delta,mixed_with_nondeterminism,uncontrolled,0,3,scripts/train_b2a.py,7,7
transfer/b2a_ro_oracle_nhnoise_p020/b2a_ro_oracle_nhnoise_p020@val~relation_detr_seed42,transfer,b2a_ro_oracle_nhnoise_p020,3,3,paired_delta,mixed_with_nondeterminism,uncontrolled,0,3,scripts/train_b2a.py,7,7
transfer/b2a_ro_oracle_nhnoise_p030/b2a_ro_oracle_nhnoise_p030@val~relation_detr_seed42,transfer,b2a_ro_oracle_nhnoise_p030,3,3,paired_delta,mixed_with_nondeterminism,uncontrolled,0,3,scripts/train_b2a.py,7,7
transfer/b2a_ro_oracle_noise000/b2a_ro_oracle_noise000@val~relation_detr_seed42,transfer,b2a_ro_oracle_noise000,12,3,paired_delta,mixed_with_nondeterminism,uncontrolled,0,12,scripts/train_b2a.py,7,6
transfer/b2a_ro_oracle_scalpelnoise_p010/b2a_ro_oracle_scalpelnoise_p010@val~relation_detr_seed42,transfer,b2a_ro_oracle_scalpelnoise_p010,3,3,paired_delta,mixed_with_nondeterminism,uncontrolled,0,3,scripts/train_b2a.py,7,7
transfer/b2a_ro_oracle_scalpelnoise_p020/b2a_ro_oracle_scalpelnoise_p020@val~relation_detr_seed42,transfer,b2a_ro_oracle_scalpelnoise_p020,3,3,paired_delta,mixed_with_nondeterminism,uncontrolled,0,3,scripts/train_b2a.py,7,7
transfer/b2a_ro_oracle_scalpelnoise_p030/b2a_ro_oracle_scalpelnoise_p030@val~relation_detr_seed42,transfer,b2a_ro_oracle_scalpelnoise_p030,3,3,paired_delta,mixed_with_nondeterminism,uncontrolled,0,3,scripts/train_b2a.py,7,7
transfer/b2a_ro_oracle_top3noise_p010/b2a_ro_oracle_top3noise_p010@val~relation_detr_seed42,transfer,b2a_ro_oracle_top3noise_p010,3,3,paired_delta,mixed_with_nondeterminism,uncontrolled,0,3,scripts/train_b2a.py,7,7
transfer/b2a_ro_oracle_top3noise_p020/b2a_ro_oracle_top3noise_p020@val~relation_detr_seed42,transfer,b2a_ro_oracle_top3noise_p020,3,3,paired_delta,mixed_with_nondeterminism,uncontrolled,0,3,scripts/train_b2a.py,7,7
transfer/b2a_ro_oracle_top3noise_p030/b2a_ro_oracle_top3noise_p030@val~relation_detr_seed42,transfer,b2a_ro_oracle_top3noise_p030,3,3,paired_delta,mixed_with_nondeterminism,uncontrolled,0,3,scripts/train_b2a.py,7,5
transfer/haux_hand_count_oracle/haux_hand_count_oracle@val~relation_detr_seed42,transfer,haux_hand_count_oracle,3,3,paired_delta,mixed_with_nondeterminism,uncontrolled,0,3,scripts/train_haux.py,7,0
transfer/haux_hand_geom_oracle/haux_hand_geom_oracle@val~relation_detr_seed42,transfer,haux_hand_geom_oracle,3,3,paired_delta,mixed_with_nondeterminism,uncontrolled,0,3,scripts/train_haux.py,7,4
transfer/haux_hand_own_other_oracle/haux_hand_own_other_oracle@val~relation_detr_seed42,transfer,haux_hand_own_other_oracle,3,3,paired_delta,mixed_with_nondeterminism,uncontrolled,0,3,scripts/train_haux.py,7,0
transfer/haux_hand_presence_oracle/haux_hand_presence_oracle@val~relation_detr_seed42,transfer,haux_hand_presence_oracle,3,3,paired_delta,mixed_with_nondeterminism,uncontrolled,0,3,scripts/train_haux.py,7,3
transfer/haux_hand_presence_oracle_shuffle/haux_hand_presence_oracle_shuffle@val~relation_detr_seed42,transfer,haux_hand_presence_oracle_shuffle,3,3,paired_delta,mixed_with_nondeterminism,uncontrolled,0,3,scripts/train_haux.py,7,0
transfer/haux_hand_presence_oracle_withtooloracle/haux_hand_presence_oracle_withtooloracle@val~relation_detr_seed42,transfer,haux_hand_presence_oracle_withtooloracle,3,3,paired_delta,mixed_with_nondeterminism,uncontrolled,0,3,scripts/train_haux.py,7,7
transfer/hires_relation_detr_augstrong_hires_seed42/hires_relation_detr_augstrong_hires_seed42@val~relation_detr_augstrong_hires_seed42,transfer,hires_relation_detr_augstrong_hires_seed42_p123,3,3,paired_delta,unknown,uncontrolled,0,3,scripts/train_t1a.py,7,6
transfer/hires_relation_detr_augstrong_seed42/hires_relation_detr_augstrong_seed42@val~relation_detr_augstrong_seed42,transfer,hires_relation_detr_augstrong_seed42_p123,3,3,paired_delta,mixed_with_nondeterminism,uncontrolled,0,3,scripts/train_t1a.py,7,6
transfer/hires_relation_detr_seed42/hires_relation_detr_seed42@val~relation_detr_seed42,transfer,hires_relation_detr_seed42_p123,3,3,paired_delta,mixed_with_nondeterminism,uncontrolled,0,3,scripts/train_t1a.py,7,5
transfer/p0_identity_ctrl/p0_identity_ctrl@val,transfer,_p0_identity_ctrl,3,3,(記録なし),unknown,uncontrolled,0,3,scripts/train_t1b.py,6,0
transfer/p0_identity_inj/p0_identity_inj@val,transfer,_p0_identity_inj,3,3,(記録なし),unknown,uncontrolled,0,3,scripts/train_t1b.py,6,0
transfer/t1a_3seed_det123_aug/t1a_3seed_det123_aug@val~relation_detr_augstrong_seed123,transfer,t1a_3seed_det123_p123_aug,3,3,paired_delta,seed_effect,uncontrolled,0,3,scripts/train_t1a.py,7,7
transfer/t1a_3seed_det123_frozen/t1a_3seed_det123_frozen@val~relation_detr_seed123,transfer,t1a_3seed_det123_p123_frozen,3,3,paired_delta,seed_effect,uncontrolled,0,3,scripts/train_t1a.py,7,3
transfer/t1a_3seed_det42_aug/t1a_3seed_det42_aug@val~relation_detr_augstrong_seed42,transfer,t1a_3seed_det42_aug,4,3,paired_delta,mixed_with_nondeterminism,uncontrolled,0,4,scripts/train_t1a.py,7,6
transfer/t1a_3seed_det42_frozen/t1a_3seed_det42_frozen@val~relation_detr_seed42,transfer,t1a_3seed_det42_frozen,4,3,paired_delta,mixed_with_nondeterminism,uncontrolled,0,4,scripts/train_t1a.py,7,7
transfer/t1a_3seed_det456_aug/t1a_3seed_det456_aug@val~relation_detr_augstrong_seed456,transfer,t1a_3seed_det456_p123_aug,3,3,paired_delta,seed_effect,uncontrolled,0,3,scripts/train_t1a.py,7,3
transfer/t1a_3seed_det456_frozen/t1a_3seed_det456_frozen@val~relation_detr_seed456,transfer,t1a_3seed_det456_p123_frozen,3,3,paired_delta,seed_effect,uncontrolled,0,3,scripts/train_t1a.py,7,4
transfer/t1a_appearance/t1a_appearance@val~relation_detr_seed42,transfer,t1a_appearance,3,3,paired_delta,mixed_with_nondeterminism,uncontrolled,0,3,scripts/train_t1a.py,7,4
transfer/t1a_b2a_combined/t1a_b2a_combined@val~relation_detr_seed42,transfer,t1a_b2a_combined,3,3,paired_delta,mixed_with_nondeterminism,uncontrolled,0,3,scripts/train_t1a.py,7,5
transfer/t1a_base_env/t1a_base_env@val~relation_detr_seed42,transfer,t1a_base_env,3,3,paired_delta,mixed_with_nondeterminism,uncontrolled,0,3,scripts/train_t1a.py,7,4
transfer/t1a_base_test/t1a_base_test@val~relation_detr_seed42,transfer,t1a_base_test,3,3,paired_delta,mixed_with_nondeterminism,uncontrolled,0,3,scripts/train_t1a.py,7,6
transfer/t1a_boundary/t1a_boundary@val~relation_detr_seed42,transfer,t1a_boundary,3,3,paired_delta,unknown,uncontrolled,0,3,scripts/train_t1a_boundary.py,7,2
transfer/t1a_combined_oracle/t1a_combined_oracle@val~relation_detr_seed42,transfer,t1a_combined_oracle,3,3,paired_delta,mixed_with_nondeterminism,uncontrolled,0,3,scripts/train_t1a.py,7,6
transfer/t1a_combined_oracle_noise_p010/t1a_combined_oracle_noise_p010@val~relation_detr_seed42,transfer,t1a_combined_oracle_noise_p010,3,3,paired_delta,mixed_with_nondeterminism,uncontrolled,0,3,scripts/train_t1a.py,7,6
transfer/t1a_combined_oracle_noise_p020/t1a_combined_oracle_noise_p020@val~relation_detr_seed42,transfer,t1a_combined_oracle_noise_p020,3,3,paired_delta,mixed_with_nondeterminism,uncontrolled,0,3,scripts/train_t1a.py,7,5
transfer/t1a_combined_oracle_noise_p030/t1a_combined_oracle_noise_p030@val~relation_detr_seed42,transfer,t1a_combined_oracle_noise_p030,3,3,paired_delta,mixed_with_nondeterminism,uncontrolled,0,3,scripts/train_t1a.py,7,6
transfer/t1a_combined_region_top3_mask/t1a_combined_region_top3_mask@val~relation_detr_seed42,transfer,t1a_combined_region_top3_mask,3,3,paired_delta,mixed_with_nondeterminism,uncontrolled,0,3,scripts/train_t1a.py,7,6
transfer/t1a_deep_3s10l96f/t1a_deep_3s10l96f@val~relation_detr_seed42,transfer,t1a_deep_3s10l96f,5,5,paired_delta,mixed_with_nondeterminism,uncontrolled,0,5,scripts/train_t1a.py,7,4
transfer/t1a_probe_aug/t1a_probe_aug@val~relation_detr_augstrong_seed42,transfer,t1a_probe_aug,1,1,paired_delta,mixed_with_nondeterminism,uncontrolled,0,1,scripts/train_t1a.py,7,0
transfer/t1a_probe_frozen/t1a_probe_frozen@val~relation_detr_seed42,transfer,t1a_probe_frozen,1,1,paired_delta,mixed_with_nondeterminism,uncontrolled,0,1,scripts/train_t1a.py,7,0
transfer/t1a_region_mask_00/t1a_region_mask_00@val~relation_detr_seed42,transfer,t1a_region_mask_00,3,3,paired_delta,mixed_with_nondeterminism,uncontrolled,0,3,scripts/train_t1a.py,7,3
transfer/t1a_region_mask_01/t1a_region_mask_01@val~relation_detr_seed42,transfer,t1a_region_mask_01,3,3,paired_delta,mixed_with_nondeterminism,uncontrolled,0,3,scripts/train_t1a.py,7,5
transfer/t1a_region_mask_02/t1a_region_mask_02@val~relation_detr_seed42,transfer,t1a_region_mask_02,3,3,paired_delta,mixed_with_nondeterminism,uncontrolled,0,3,scripts/train_t1a.py,7,5
transfer/t1a_region_mask_03/t1a_region_mask_03@val~relation_detr_seed42,transfer,t1a_region_mask_03,3,3,paired_delta,mixed_with_nondeterminism,uncontrolled,0,3,scripts/train_t1a.py,7,5
transfer/t1a_region_mask_04/t1a_region_mask_04@val~relation_detr_seed42,transfer,t1a_region_mask_04,3,3,paired_delta,mixed_with_nondeterminism,uncontrolled,0,3,scripts/train_t1a.py,7,6
transfer/t1a_region_mask_05/t1a_region_mask_05@val~relation_detr_seed42,transfer,t1a_region_mask_05,3,3,paired_delta,mixed_with_nondeterminism,uncontrolled,0,3,scripts/train_t1a.py,7,4
transfer/t1a_region_mask_06/t1a_region_mask_06@val~relation_detr_seed42,transfer,t1a_region_mask_06,3,3,paired_delta,mixed_with_nondeterminism,uncontrolled,0,3,scripts/train_t1a.py,7,6
transfer/t1a_region_mask_07/t1a_region_mask_07@val~relation_detr_seed42,transfer,t1a_region_mask_07,3,3,paired_delta,mixed_with_nondeterminism,uncontrolled,0,3,scripts/train_t1a.py,7,5
transfer/t1a_region_mask_08/t1a_region_mask_08@val~relation_detr_seed42,transfer,t1a_region_mask_08,3,3,paired_delta,mixed_with_nondeterminism,uncontrolled,0,3,scripts/train_t1a.py,7,5
transfer/t1a_region_mask_09/t1a_region_mask_09@val~relation_detr_seed42,transfer,t1a_region_mask_09,3,3,paired_delta,mixed_with_nondeterminism,uncontrolled,0,3,scripts/train_t1a.py,7,5
transfer/t1a_region_mask_10/t1a_region_mask_10@val~relation_detr_seed42,transfer,t1a_region_mask_10,3,3,paired_delta,mixed_with_nondeterminism,uncontrolled,0,3,scripts/train_t1a.py,7,6
transfer/t1a_region_mask_11/t1a_region_mask_11@val~relation_detr_seed42,transfer,t1a_region_mask_11,3,3,paired_delta,mixed_with_nondeterminism,uncontrolled,0,3,scripts/train_t1a.py,7,5
transfer/t1a_region_mask_12/t1a_region_mask_12@val~relation_detr_seed42,transfer,t1a_region_mask_12,3,3,paired_delta,mixed_with_nondeterminism,uncontrolled,0,3,scripts/train_t1a.py,7,5
transfer/t1a_region_mask_13/t1a_region_mask_13@val~relation_detr_seed42,transfer,t1a_region_mask_13,3,3,paired_delta,mixed_with_nondeterminism,uncontrolled,0,3,scripts/train_t1a.py,7,5
transfer/t1a_region_mask_14/t1a_region_mask_14@val~relation_detr_seed42,transfer,t1a_region_mask_14,3,3,paired_delta,mixed_with_nondeterminism,uncontrolled,0,3,scripts/train_t1a.py,7,4
transfer/t1a_region_mask_top3/t1a_region_mask_top3@val~relation_detr_seed42,transfer,t1a_region_mask_top3,3,3,paired_delta,mixed_with_nondeterminism,uncontrolled,0,3,scripts/train_t1a.py,7,6
transfer/t1a_region_only/t1a_region_only@val~relation_detr_seed42,transfer,t1a_region_only,5,5,paired_delta,mixed_with_nondeterminism,uncontrolled,0,5,scripts/train_t1a.py,7,5
transfer/t1a_region_only_mask_top3/t1a_region_only_mask_top3@val~relation_detr_seed42,transfer,t1a_region_only_mask_top3,3,3,paired_delta,mixed_with_nondeterminism,uncontrolled,0,3,scripts/train_t1a.py,7,5
transfer/t1a_regiontoken/t1a_regiontoken@val~relation_detr_seed42,transfer,t1a_regiontoken,5,5,paired_delta,mixed_with_nondeterminism,uncontrolled,0,5,/home/ubuntu/slocal2/m2/scripts/train_t1a.py;scripts/train_t1a.py,7,6
transfer/t1a_regiontraj/t1a_regiontraj@val~relation_detr_seed42,transfer,t1a_regiontraj,3,3,paired_delta,unknown,uncontrolled,0,3,scripts/train_t1a_regiontraj.py,7,3
transfer/t1a_regiontraj_test/t1a_regiontraj_test@val~relation_detr_seed42,transfer,t1a_regiontraj_test,3,3,paired_delta,unknown,uncontrolled,0,3,scripts/train_t1a_regiontraj.py,7,0
transfer/t1a_shuffle/t1a_shuffle@val~relation_detr_seed42,transfer,t1a_shuffle,5,5,paired_delta,mixed_with_nondeterminism,uncontrolled,0,5,scripts/train_t1a.py,7,7
transfer/t1a_shuffle_oracle/t1a_shuffle_oracle@val~relation_detr_seed42,transfer,t1a_shuffle_oracle,3,3,paired_delta,mixed_with_nondeterminism,uncontrolled,0,3,scripts/train_t1a.py,7,6
transfer/t1b_phasefilm/t1b_phasefilm@val,transfer,t1b_phasefilm,2,2,within_run_seed_spread,unknown,uncontrolled,0,2,scripts/postprocess_t1b.py,12,0
transfer/taux_mingru_nonek3/taux_mingru_nonek3@val~relation_detr_seed42,transfer,taux_mingru_nonek3,3,3,paired_delta,mixed_with_nondeterminism,uncontrolled,0,3,scripts/train_taux.py,7,7
transfer/taux_tecno_deltak3/taux_tecno_deltak3@val~relation_detr_seed42,transfer,taux_tecno_deltak3,3,3,paired_delta,mixed_with_nondeterminism,uncontrolled,0,3,scripts/train_taux.py,7,7
transfer/taux_tecno_movavgk3/taux_tecno_movavgk3@val~relation_detr_seed42,transfer,taux_tecno_movavgk3,3,3,paired_delta,mixed_with_nondeterminism,uncontrolled,0,3,scripts/train_taux.py,7,6
transfer/taux_tecno_nonek3/taux_tecno_nonek3@val~relation_detr_seed42,transfer,taux_tecno_nonek3,3,3,paired_delta,mixed_with_nondeterminism,uncontrolled,0,3,scripts/train_taux.py,7,4
transfer/taux_tecno_windowk3/taux_tecno_windowk3@val~relation_detr_seed42,transfer,taux_tecno_windowk3,3,3,paired_delta,mixed_with_nondeterminism,uncontrolled,0,3,scripts/train_taux.py,7,5
transfer_legacy/hc/hc@None,transfer_legacy,hc,3,3,within_run_seed_spread,unknown,uncontrolled,0,3,NO_COMMAND_RECORD,1,0
transfer_legacy/oracle_phase/oracle_phase@None,transfer_legacy,oracle_phase,3,3,within_run_seed_spread,unknown,uncontrolled,0,3,NO_COMMAND_RECORD,1,1
transfer_legacy/t1b/t1b@None,transfer_legacy,t1b,1,1,within_run_seed_spread,unknown,uncontrolled,0,1,NO_COMMAND_RECORD,1,0
transfer_legacy/t1b_ca/t1b_ca@None,transfer_legacy,t1b_ca,4,3,within_run_seed_spread,unknown,uncontrolled,0,4,NO_COMMAND_RECORD,1,1
transfer_legacy/t1b_ca_zeroctx/t1b_ca_zeroctx@None,transfer_legacy,t1b_ca_zeroctx,1,1,(記録なし),unknown,uncontrolled,0,1,NO_COMMAND_RECORD,0,0
transfer_legacy/t1b_camt/t1b_camt@None,transfer_legacy,t1b_camt,3,3,within_run_seed_spread,unknown,uncontrolled,0,3,NO_COMMAND_RECORD,1,0
transfer_legacy/t1b_camt_all/t1b_camt_all@None,transfer_legacy,t1b_camt_all,3,3,within_run_seed_spread,unknown,uncontrolled,0,3,NO_COMMAND_RECORD,1,0
transfer_legacy/t1b_clsbias/t1b_clsbias@None,transfer_legacy,t1b_clsbias,3,3,within_run_seed_spread,unknown,uncontrolled,0,3,NO_COMMAND_RECORD,1,0
transfer_legacy/t1b_clsbias_pe/t1b_clsbias_pe@None,transfer_legacy,t1b_clsbias_pe,3,3,within_run_seed_spread,unknown,uncontrolled,0,3,NO_COMMAND_RECORD,1,1
transfer_legacy/t1b_filmonly/t1b_filmonly@None,transfer_legacy,t1b_filmonly,3,3,within_run_seed_spread,unknown,uncontrolled,0,3,NO_COMMAND_RECORD,1,1
transfer_legacy/t1c_bidir_pilot/t1c_bidir_pilot@None,transfer_legacy,t1c_bidir_pilot,1,1,within_run_seed_spread,unknown,uncontrolled,0,1,NO_COMMAND_RECORD,1,0
transfer_legacy/t1c_bidir_v2_pilot/t1c_bidir_v2_pilot@None,transfer_legacy,t1c_bidir_v2_pilot,1,1,within_run_seed_spread,unknown,uncontrolled,0,1,NO_COMMAND_RECORD,1,0
