group,n_fragile,n_sigma_suspect,n_tight_ratio,mentions,entrypoints
transfer/b2a_regiononly_mask_14,4,3,0,0,scripts/train_b2a.py
transfer/t1a_region_mask_10,3,3,0,0,scripts/train_t1a.py
transfer/b2a_ro_oracle_noise000,6,1,1,1,scripts/train_b2a.py
transfer/hires_relation_detr_augstrong_seed42,5,1,1,0,scripts/train_t1a.py
transfer/t1a_3seed_det42_aug,5,1,1,0,scripts/train_t1a.py
transfer/b2a_det2phase,4,1,1,0,/home/ubuntu/slocal2/m2/scripts/train_b2a.py
transfer/t1a_3seed_det42_frozen,4,1,1,0,scripts/train_t1a.py
transfer/b2a_base_oracle_top3noise_p030,2,1,1,0,scripts/train_b2a.py
transfer/t1a_region_mask_05,2,1,1,0,scripts/train_t1a.py
transfer/t1a_region_mask_06,2,1,1,0,scripts/train_t1a.py
transfer/b2a_regiononly_mask_05,5,1,0,0,scripts/train_b2a.py
transfer/b2a_mask_dim_07,4,1,0,0,scripts/train_b2a.py
transfer/b2a_mask_dim_01,3,1,0,0,scripts/train_b2a.py
transfer/b2a_oracle_mask_12,3,1,0,0,scripts/train_b2a.py
transfer/b2a_regiononly_mask_13,3,1,0,0,scripts/train_b2a.py
transfer/b2a_oracle_mask_03,2,1,0,0,scripts/train_b2a.py
transfer/b2a_regiononly_mask_10,2,1,0,0,scripts/train_b2a.py
transfer/b2a_mask_dim_04,3,0,3,0,scripts/train_b2a.py
transfer/b2a_mask_dim_06,3,0,3,0,scripts/train_b2a.py
transfer/b2a_mask_dim_10,3,0,3,0,scripts/train_b2a.py
transfer/b2a_regiononly_pred,3,0,3,0,scripts/train_b2a.py
transfer/taux_tecno_movavgk3,3,0,3,0,scripts/train_taux.py
transfer/b2a_mask_dim_14,3,0,2,0,scripts/train_b2a.py
transfer/t1a_base_test,3,0,2,0,scripts/train_t1a.py
transfer/b2a_base_oracle_noise_p010,2,0,2,0,scripts/train_b2a.py
transfer/b2a_mask_dim_02,2,0,2,0,scripts/train_b2a.py
transfer/b2a_mask_dim_03,2,0,2,0,scripts/train_b2a.py
transfer/b2a_mask_dim_09,2,0,2,0,scripts/train_b2a.py
transfer/b2a_mask_dim_13,2,0,2,0,scripts/train_b2a.py
transfer/b2a_regiononly_mask_04,2,0,2,0,scripts/train_b2a.py
transfer/b2a_regiononly_mask_08,2,0,2,0,scripts/train_b2a.py
transfer/b2a_regiononly_mask_12,2,0,2,0,scripts/train_b2a.py
transfer/haux_hand_geom_oracle,2,0,2,0,scripts/train_haux.py
transfer/t1a_combined_region_top3_mask,2,0,2,0,scripts/train_t1a.py
transfer/t1a_region_mask_07,2,0,2,0,scripts/train_t1a.py
transfer/t1a_region_mask_08,2,0,2,0,scripts/train_t1a.py
transfer/t1a_region_only,2,0,2,0,scripts/train_t1a.py
transfer/taux_tecno_deltak3,2,0,2,0,scripts/train_taux.py
transfer/t1a_regiontraj,1,0,1,1,scripts/train_t1a_regiontraj.py
transfer/b2a_regiononly_mask_00,5,0,1,0,scripts/train_b2a.py
transfer/t1a_region_mask_09,4,0,1,0,scripts/train_t1a.py
transfer/t1a_region_only_mask_top3,4,0,1,0,scripts/train_t1a.py
transfer/b2a_mask_dim_12,3,0,1,0,scripts/train_b2a.py
transfer/b2a_oracle_mask_top3_joint,3,0,1,0,scripts/train_b2a.py
transfer/t1a_combined_oracle,3,0,1,0,scripts/train_t1a.py
transfer/t1a_combined_oracle_noise_p010,3,0,1,0,scripts/train_t1a.py
transfer/t1a_regiontoken,3,0,1,0,/home/ubuntu/slocal2/m2/scripts/train_t1a.py;scripts/train_t1a.py
transfer/b2a_regiononly_mask_07,2,0,1,0,scripts/train_b2a.py
transfer/b2a_ro_oracle_top3noise_p020,2,0,1,0,scripts/train_b2a.py
transfer/t1a_b2a_combined,2,0,1,0,scripts/train_t1a.py
transfer/t1a_region_mask_04,2,0,1,0,scripts/train_t1a.py
transfer/b2a_oracle_mask_10,1,0,1,0,scripts/train_b2a.py
transfer/b2a_oracle_mask_14,1,0,1,0,scripts/train_b2a.py
transfer/b2a_regiononly_mask_03,1,0,1,0,scripts/train_b2a.py
transfer/b2a_regiononly_oracle_mask_top3,1,0,1,0,scripts/train_b2a.py
transfer/b2a_ro_oracle_bsnoise_p020,1,0,1,0,scripts/train_b2a.py
transfer/b2a_ro_oracle_bsnoise_p030,1,0,1,0,scripts/train_b2a.py
transfer/b2a_ro_oracle_top3noise_p010,1,0,1,0,scripts/train_b2a.py
transfer/haux_hand_presence_oracle,1,0,1,0,scripts/train_haux.py
transfer/hires_relation_detr_seed42,1,0,1,0,scripts/train_t1a.py
transfer/t1a_appearance,1,0,1,0,scripts/train_t1a.py
transfer/t1a_deep_3s10l96f,1,0,1,0,scripts/train_t1a.py
transfer/t1a_region_mask_01,1,0,1,0,scripts/train_t1a.py
transfer/t1a_region_mask_02,1,0,1,0,scripts/train_t1a.py
transfer/t1a_region_mask_14,1,0,1,0,scripts/train_t1a.py
transfer/taux_tecno_nonek3,1,0,1,0,scripts/train_taux.py
transfer/taux_tecno_windowk3,1,0,1,0,scripts/train_taux.py
transfer_legacy/t1b_filmonly,1,0,1,0,NO_COMMAND_RECORD
transfer/b2a_base_oracle_top3noise_p010,4,0,0,0,scripts/train_b2a.py
transfer/t1a_combined_oracle_noise_p030,4,0,0,0,scripts/train_t1a.py
transfer/b2a_regiononly_mask_02,3,0,0,0,scripts/train_b2a.py
transfer/b2a_ro_oracle_top3noise_p030,3,0,0,0,scripts/train_b2a.py
transfer/t1a_region_mask_11,3,0,0,0,scripts/train_t1a.py
transfer/b2a_det2phase_toolpresence,2,0,0,0,scripts/train_b2a.py
transfer/b2a_oracle_mask_01,2,0,0,0,scripts/train_b2a.py
transfer/b2a_oracle_mask_07,2,0,0,0,scripts/train_b2a.py
transfer/b2a_ro_oracle_bsnoise_p010,2,0,0,0,scripts/train_b2a.py
transfer/b2a_ro_oracle_nhnoise_p010,2,0,0,0,scripts/train_b2a.py
transfer/b2a_ro_oracle_nhnoise_p020,2,0,0,0,scripts/train_b2a.py
transfer/t1a_base_env,2,0,0,0,scripts/train_t1a.py
transfer/t1a_boundary,2,0,0,0,scripts/train_t1a_boundary.py
transfer/t1a_combined_oracle_noise_p020,2,0,0,0,scripts/train_t1a.py
transfer/t1a_region_mask_13,2,0,0,0,scripts/train_t1a.py
transfer/t1a_region_mask_top3,2,0,0,0,scripts/train_t1a.py
transfer/b2a_base_oracle_noise_p020,1,0,0,0,scripts/train_b2a.py
transfer/b2a_base_oracle_noise_p030,1,0,0,0,scripts/train_b2a.py
transfer/b2a_base_oracle_top3noise_p020,1,0,0,0,scripts/train_b2a.py
transfer/b2a_mask_dim_00,1,0,0,0,scripts/train_b2a.py
transfer/b2a_oracle_mask_09,1,0,0,0,scripts/train_b2a.py
transfer/b2a_regiononly_mask_09,1,0,0,0,scripts/train_b2a.py
transfer/haux_hand_presence_oracle_withtooloracle,1,0,0,0,scripts/train_haux.py
transfer/t1a_region_mask_03,1,0,0,0,scripts/train_t1a.py
