frame,class,cos,norm_ratio,rel_err_max,label
09_1_0213,"Tweezers",0.863521,0.830129,249.435162,FLIPPED
09_1_0216,"Bipolar Forceps",0.310318,0.953087,2085.276841,FLIPPED
09_1_0216,"Suction Cannula",0.310318,0.964352,2109.912131,FLIPPED
09_1_0219,"Suction Cannula",0.147029,0.924545,433.126322,FLIPPED
09_1_0221,"Bipolar Forceps",0.266590,0.898304,47.564825,FLIPPED
09_1_0241,"Suction Cannula",0.306050,0.909392,54.636602,FLIPPED
09_1_0286,"Suction Cannula",0.224430,1.106217,389.306344,FLIPPED
09_1_0294,"Retractor",0.165057,0.916535,264.542864,FLIPPED
09_1_0299,"Suction Cannula",0.080464,1.111910,1032.388002,FLIPPED
09_1_0381,"Needle Holders",0.490706,1.061245,359.707022,FLIPPED
09_1_0385,"Bipolar Forceps",0.462285,0.934712,25.161830,FLIPPED
09_1_0386,"Bipolar Forceps",0.464469,1.079442,336.500569,FLIPPED
09_1_0387,"Bipolar Forceps",0.367293,1.057170,185.864161,FLIPPED
09_1_0388,"Bipolar Forceps",0.397671,0.924439,139.172663,FLIPPED
09_1_0388,"Needle Holders",0.063822,1.020541,114.996539,FLIPPED
09_1_0399,"Gauze",0.448225,0.935971,174.194077,FLIPPED
09_1_0401,"Scalpel",0.639621,0.963087,349.089970,FLIPPED
09_1_0406,"Scalpel",0.724178,0.936146,33.629176,FLIPPED
09_1_0416,"Raspatory",0.817168,0.959092,68.296606,FLIPPED
09_1_0424,"Scissors",0.103350,1.069449,10661.441115,FLIPPED
09_1_0438,"Scalpel",0.422052,0.923670,129.596299,FLIPPED
09_1_0499,"Forceps",0.746118,0.636241,134.880625,FLIPPED
09_1_0499,"Mouth Gag",0.865050,0.514468,62.669121,FLIPPED
09_1_0499,"Syringe",0.536342,1.025705,94.370254,FLIPPED
09_1_0517,"Mouth Gag",0.466349,0.926388,161.403369,FLIPPED
09_1_0520,"Mouth Gag",0.504959,0.962061,124.004434,FLIPPED
09_1_0526,"Bipolar Forceps",0.509373,1.034323,323.167167,FLIPPED
09_1_0542,"Forceps",0.548684,0.991028,683.711479,FLIPPED
09_1_0543,"Suction Cannula",0.309757,1.088817,95.956563,FLIPPED
09_1_0572,"Retractor",0.817036,1.064480,73.873503,FLIPPED
09_1_0606,"Retractor",0.261566,1.015210,550.501758,FLIPPED
09_1_0654,"Mouth Gag",0.249993,1.048768,141.750744,FLIPPED
09_1_0655,"Scalpel",-0.082245,0.906339,2522.665914,FLIPPED
09_1_0664,"Scalpel",0.436048,1.029666,1805.470641,FLIPPED
09_1_0666,"Raspatory",0.631188,1.029579,873.838870,FLIPPED
09_1_0673,"Bipolar Forceps",0.742992,1.032164,75.084330,FLIPPED
09_1_0676,"Bipolar Forceps",0.772045,1.025822,600.693538,FLIPPED
09_1_0684,"Needle Holders",0.616031,0.979755,679.323817,FLIPPED
09_1_0688,"Scalpel",0.571978,0.966937,210.673494,FLIPPED
09_1_0692,"Scalpel",0.707254,1.001070,194.106223,FLIPPED
09_1_0693,"Syringe",0.318031,0.996986,121.699526,FLIPPED
09_1_0695,"Bipolar Forceps",0.288890,1.061346,106.676477,FLIPPED
09_1_0700,"Bipolar Forceps",0.629482,0.965953,513.128878,FLIPPED
09_1_0703,"Forceps",0.884753,0.822657,54.685531,FLIPPED
09_1_0703,"Mouth Gag",0.423857,1.010700,125.598607,FLIPPED
09_1_0714,"Suction Cannula",0.228040,1.084794,5104.110569,FLIPPED
09_1_0721,"Suction Cannula",0.707502,0.561120,67.389470,FLIPPED
09_1_0722,"Bipolar Forceps",0.266076,1.053148,216.816875,FLIPPED
09_1_0722,"Skewer",0.625487,0.953332,346.649174,FLIPPED
09_1_0733,"Syringe",0.416071,0.838588,157.213274,FLIPPED
09_1_0733,"Tweezers",0.416071,0.862862,161.792872,FLIPPED
09_1_0736,"Skewer",0.003979,0.906665,153.712113,FLIPPED
09_1_0746,"Retractor",0.342855,1.039138,278.862930,FLIPPED
09_1_0763,"Raspatory",0.633853,0.957192,461.179402,FLIPPED
09_1_0765,"Suction Cannula",0.599475,0.590563,127.801710,FLIPPED
09_1_0773,"Suction Cannula",0.080921,0.940691,26.447934,FLIPPED
09_1_0777,"Scalpel",0.279531,0.965831,44.279422,FLIPPED
09_1_0789,"Retractor",0.124757,0.995086,126.282812,FLIPPED
09_1_0793,"Suction Cannula",0.139701,0.926157,131.297057,FLIPPED
09_1_0794,"Bipolar Forceps",0.293856,1.073812,178.396603,FLIPPED
09_1_0794,"Syringe",0.517280,0.911178,42.264051,FLIPPED
09_1_0796,"Bipolar Forceps",0.415216,1.037552,357.732888,FLIPPED
09_1_0796,"Mouth Gag",0.178623,1.005394,588.658152,FLIPPED
09_1_0798,"Syringe",0.442996,0.946984,129.463385,FLIPPED
09_1_0814,"Bipolar Forceps",0.412579,1.056323,72.387112,FLIPPED
09_1_0824,"Scalpel",0.543600,0.961379,358.885014,FLIPPED
09_1_0836,"Suction Cannula",0.899446,1.004556,227.455440,FLIPPED
09_1_0838,"Mouth Gag",0.213191,1.065457,70.851213,FLIPPED
09_1_0842,"Syringe",0.369319,1.076485,147.223245,FLIPPED
09_1_0848,"Skewer",0.223990,0.954868,887.914405,FLIPPED
09_1_0854,"Forceps",0.869008,1.362241,48.287832,FLIPPED
09_1_0854,"Needle Holders",0.759221,0.785945,92.510198,FLIPPED
09_1_0854,"Suction Cannula",0.858383,1.041891,31.009547,FLIPPED
09_1_0856,"Tweezers",0.568479,1.010970,138.774767,FLIPPED
09_1_0862,"Scissors",0.692239,0.993581,80.946733,FLIPPED
09_1_0863,"Syringe",0.678018,1.013762,187.337392,FLIPPED
09_1_0866,"Tweezers",0.354599,0.948366,141.200549,FLIPPED
09_1_0868,"Forceps",0.098797,1.074156,874.411998,FLIPPED
09_1_0871,"Forceps",0.392306,1.062768,25409.739151,FLIPPED
09_1_0876,"Forceps",0.378403,1.004794,663.584740,FLIPPED
09_1_0876,"Scissors",0.284599,1.108402,953.430574,FLIPPED
09_1_0882,"Suction Cannula",0.400947,0.506627,27.226905,FLIPPED
09_1_0886,"Bipolar Forceps",0.212684,1.100994,403.855696,FLIPPED
09_1_0976,"Scissors",0.450489,0.926069,220.227546,FLIPPED
09_1_0980,"Scissors",0.139589,1.028911,701.521183,FLIPPED
09_1_0985,"Electric Cautery",0.281803,0.984820,31694.974676,FLIPPED
09_1_0989,"Hook",0.218802,1.028627,696.611090,FLIPPED
09_1_0994,"Retractor",0.263997,1.051307,163.948385,FLIPPED
09_1_1010,"Bipolar Forceps",0.239767,0.926970,328.337778,FLIPPED
10_1_0216,"Bipolar Forceps",0.170597,0.897205,43.245760,FLIPPED
10_1_0271,"Bipolar Forceps",0.196273,1.006576,170.423554,FLIPPED
10_1_0276,"Electric Cautery",0.155845,0.993982,461.358103,FLIPPED
10_1_0284,"Bipolar Forceps",0.845332,0.909058,240.033257,FLIPPED
10_1_0292,"Bipolar Forceps",0.778654,0.969388,645.829643,FLIPPED
10_1_0292,"Scalpel",0.884868,1.025179,159.129245,FLIPPED
10_1_0298,"Skewer",0.196764,0.978049,1011.493781,FLIPPED
10_1_0337,"Electric Cautery",0.239547,0.978400,1082.803120,FLIPPED
10_1_0352,"Retractor",0.053472,0.995400,246.519631,FLIPPED
10_1_0353,"Gauze",0.361800,1.043200,195.933832,FLIPPED
10_1_0359,"Scalpel",0.772055,1.027425,124.447033,FLIPPED
10_1_0359,"Scissors",0.772055,0.939549,113.888665,FLIPPED
10_1_0365,"Bipolar Forceps",0.155079,1.006379,341.224225,FLIPPED
10_1_0405,"Scissors",0.292451,1.060721,1262.103311,FLIPPED
10_1_0407,"Scissors",0.785565,1.055552,597.609407,FLIPPED
10_1_0408,"Tweezers",0.740189,1.066049,53.576521,FLIPPED
10_1_0420,"Retractor",0.328270,0.934009,285.617523,FLIPPED
10_1_0431,"Syringe",0.224957,0.994730,143.540138,FLIPPED
10_1_0432,"Skewer",0.179853,0.995221,294.486530,FLIPPED
10_1_0437,"Hook",0.257274,0.975681,158.039261,FLIPPED
10_1_0440,"Gauze",0.466621,0.974879,111.497889,FLIPPED
10_1_0450,"Skewer",0.329665,0.994046,122.795197,FLIPPED
10_1_0452,"Scissors",0.566268,1.023163,130.930266,FLIPPED
10_1_0462,"Syringe",0.230849,1.074930,747.218685,FLIPPED
10_1_0474,"Tweezers",0.213367,0.928995,1360.993237,FLIPPED
10_1_0480,"Scissors",0.098614,1.107335,298.134483,FLIPPED
10_1_0487,"Retractor",0.200315,0.922675,1774.944662,FLIPPED
10_1_0520,"Bipolar Forceps",0.580120,0.975085,135.518966,FLIPPED
10_1_0521,"Gauze",0.892839,1.005281,175.836210,FLIPPED
10_1_0523,"Bipolar Forceps",0.161930,1.008081,138.748110,FLIPPED
10_1_0523,"Hook",0.619653,0.891912,287.254468,FLIPPED
10_1_0525,"Scalpel",0.343434,0.895446,141.309050,FLIPPED
10_1_0529,"Forceps",0.168647,1.025202,132.671962,FLIPPED
10_1_0534,"Gauze",0.838983,1.031091,606.327354,FLIPPED
10_1_0539,"Raspatory",0.221015,0.974519,119.731463,FLIPPED
10_1_0540,"Gauze",0.805596,0.978855,41.986170,FLIPPED
10_1_0552,"Hook",0.566149,0.938402,107.439370,FLIPPED
10_1_0561,"Skewer",0.308093,0.985896,486.688852,FLIPPED
10_1_0563,"Hook",0.444183,1.048975,722.235324,FLIPPED
10_1_0565,"Needle Holders",0.881518,1.383201,108.891705,FLIPPED
10_1_0572,"Bipolar Forceps",0.241951,0.976822,46.491409,FLIPPED
10_1_0581,"Bipolar Forceps",0.006690,1.010699,90.661880,FLIPPED
10_1_0581,"Syringe",0.006690,1.014577,91.013600,FLIPPED
10_1_0585,"Gauze",0.407664,1.021374,726.413924,FLIPPED
10_1_0593,"Forceps",0.331757,0.966260,136.744300,FLIPPED
10_1_0603,"Scissors",0.782285,1.031741,274.292787,FLIPPED
10_1_0613,"Retractor",0.826778,0.998045,198.934791,FLIPPED
10_1_0615,"Retractor",0.149735,0.957572,293.479498,FLIPPED
10_1_0627,"Forceps",0.217663,1.032144,169.634126,FLIPPED
10_1_0693,"Scalpel",0.315825,1.063109,870.897204,FLIPPED
10_1_0695,"Retractor",0.173285,0.995582,272.648946,FLIPPED
10_1_0701,"Scalpel",0.889910,0.970878,154.091318,FLIPPED
10_1_0703,"Scalpel",0.240549,0.887007,133.976057,FLIPPED
10_1_0712,"Scalpel",0.298794,0.953358,56.617391,FLIPPED
10_1_0720,"Skewer",0.143156,1.015289,2201.748203,FLIPPED
10_1_0726,"Bipolar Forceps",0.251511,1.006288,2648.303958,FLIPPED
10_1_0727,"Gauze",0.166757,0.944906,522.053361,FLIPPED
10_1_0739,"Skewer",0.215141,0.915884,61.140056,FLIPPED
10_1_0759,"Retractor",0.334955,1.037359,102.723016,FLIPPED
10_1_0776,"Hook",0.244645,1.000248,130.104678,FLIPPED
10_1_0781,"Retractor",0.224434,1.046522,157.468910,FLIPPED
10_1_0783,"Scissors",0.212710,1.005447,304.726468,FLIPPED
10_1_0822,"Bipolar Forceps",0.159914,1.011447,478.286790,FLIPPED
10_1_0830,"Forceps",0.206297,0.990720,404.148268,FLIPPED
10_1_0830,"Scalpel",0.080006,0.934378,59.130967,FLIPPED
10_1_0831,"Electric Cautery",0.240467,0.973829,480.918717,FLIPPED
10_1_0832,"Scalpel",0.116428,0.981084,304.760957,FLIPPED
10_1_0881,"Scalpel",0.112047,1.068425,374.062911,FLIPPED
10_1_0882,"Raspatory",0.235838,1.043531,796.291128,FLIPPED
10_1_0884,"Raspatory",0.389295,0.934250,3571.265850,FLIPPED
10_1_0898,"Skewer",0.154385,1.000085,1279.860314,FLIPPED
10_1_0947,"Scalpel",0.158714,1.010479,114.827446,FLIPPED
10_1_0968,"Needle Holders",0.882804,1.024397,708.652610,FLIPPED
10_1_0968,"Skewer",0.051108,1.051004,1969.023604,FLIPPED
10_1_0984,"Skewer",0.198612,0.986149,868.732815,FLIPPED
10_1_0993,"Retractor",0.299650,1.059639,73.536274,FLIPPED
10_1_1010,"Electric Cautery",0.273246,0.988097,1798.310362,FLIPPED
10_1_1011,"Skewer",0.149651,1.005056,375.881331,FLIPPED
10_1_1013,"Forceps",0.463217,1.020525,96.659532,FLIPPED
10_1_1015,"Suction Cannula",0.247387,0.944569,82.354095,FLIPPED
10_1_1016,"Bipolar Forceps",0.305683,1.009924,57.784420,FLIPPED
10_1_1029,"Gauze",0.181280,1.047438,1604.835843,FLIPPED
10_1_1039,"Electric Cautery",0.179549,0.990953,519.222743,FLIPPED
10_1_1081,"Scalpel",0.250746,0.931059,68.823556,FLIPPED
10_1_1093,"Skewer",0.199332,1.015109,86.493577,FLIPPED
10_1_1101,"Electric Cautery",0.418977,0.948700,52.145915,FLIPPED
10_1_1101,"Tweezers",0.554702,0.997818,61.502159,FLIPPED
10_1_1104,"Syringe",0.434534,1.081944,48.241937,FLIPPED
10_1_1106,"Gauze",0.162707,1.066875,4354.827967,FLIPPED
10_1_1110,"Electric Cautery",0.266771,1.060074,247.719634,FLIPPED
10_1_1149,"Gauze",0.354433,0.975937,66.681996,FLIPPED
10_1_1150,"Hook",0.525558,1.036342,118.525273,FLIPPED
10_1_1154,"Retractor",0.058388,1.089065,188.067362,FLIPPED
10_1_1168,"Gauze",0.317906,1.006963,210.340702,FLIPPED
10_1_1169,"Hook",0.120033,0.930431,2134.012296,FLIPPED
10_1_1169,"Tweezers",0.752497,2.147929,4393.418905,FLIPPED
10_1_1172,"Tweezers",0.762538,0.955371,807.435542,FLIPPED
10_1_1177,"Skewer",0.698802,0.941756,363.825090,FLIPPED
10_1_1184,"Retractor",0.211319,1.087492,955.687068,FLIPPED
10_1_1185,"Needle Holders",0.111035,0.982585,2280.017560,FLIPPED
10_1_1188,"Needle Holders",0.253032,1.065852,876.923143,FLIPPED
10_1_1197,"Scalpel",0.145434,1.042516,756.093320,FLIPPED
10_1_1398,"Forceps",0.472301,0.999830,780.959266,FLIPPED
10_1_1423,"Retractor",0.105535,0.987059,1710.641340,FLIPPED
10_1_1459,"Scissors",0.420918,0.975782,110.019061,FLIPPED
10_1_1467,"Electric Cautery",0.301320,1.005984,121.413702,FLIPPED
10_1_1485,"Forceps",0.317705,1.010671,65.360589,FLIPPED
10_1_1508,"Scalpel",0.178444,0.960903,48.902106,FLIPPED
10_1_1513,"Gauze",0.164827,1.059428,136.033822,FLIPPED
10_1_1534,"Electric Cautery",0.393207,1.002704,201.539766,FLIPPED
10_1_1541,"Forceps",0.251093,1.003610,627.751253,FLIPPED
10_1_1584,"Scissors",0.424127,0.993420,1306.698508,FLIPPED
10_1_1633,"Skewer",0.260129,0.996297,1057.298485,FLIPPED
10_1_1668,"Gauze",0.836358,1.179014,105.114498,FLIPPED
10_2_0028,"Raspatory",0.249505,0.958226,1071.297780,FLIPPED
10_2_0043,"Scalpel",0.208914,0.994626,703.849627,FLIPPED
10_2_0057,"Retractor",0.074850,0.985506,283.512521,FLIPPED
10_2_0065,"Electric Cautery",0.376424,1.004080,276.049869,FLIPPED
10_2_0235,"Bipolar Forceps",0.216935,1.082121,245.583923,FLIPPED
10_2_0235,"Suction Cannula",0.605174,1.003188,479.458155,FLIPPED
10_2_0260,"Scissors",0.086191,0.902060,938.952425,FLIPPED
10_2_0261,"Scissors",0.408998,0.847652,68.690625,FLIPPED
09_1_0217,"Retractor",0.9999424303148028,0.9808295499347124,46076.809361,SAME_TOKEN
09_1_0397,"Retractor",0.9999062685813032,1.0121066305460091,9277.169417,SAME_TOKEN
09_1_0397,"Needle Holders",0.9999062685586482,1.0082512982242722,9241.835193,SAME_TOKEN
09_1_0397,"Forceps",0.9999062686463019,1.0044492974783885,9206.988246,SAME_TOKEN
09_1_0397,"Gauze",0.999906268584951,1.0007059885017973,9172.680349,SAME_TOKEN
09_1_0397,"Raspatory",0.9999062685880703,0.9851597580095025,9030.195670,SAME_TOKEN
10_1_0936,"Electric Cautery",0.9999604933423519,1.0020929201713356,5418.569799,SAME_TOKEN
10_1_0936,"Suction Cannula",0.9999604933021189,1.0005306131808986,5410.120724,SAME_TOKEN
10_1_0936,"Syringe",0.9999604932924615,0.9906787269805835,5356.839231,SAME_TOKEN
10_1_0936,"Skewer",0.9999604932731058,0.9887721593984693,5346.527726,SAME_TOKEN
10_1_1117,"Syringe",0.9999726590047007,1.0054321615050028,4321.701777,SAME_TOKEN
10_1_1117,"Electric Cautery",0.9999726589881437,1.003528032043491,4313.515001,SAME_TOKEN
10_1_1117,"Suction Cannula",0.9999726589860087,1.0015203155245773,4304.883140,SAME_TOKEN
10_1_1117,"Skewer",0.999972659010162,0.9996966938582522,4297.043040,SAME_TOKEN
