path,md5,size,mtime
experiments/baselines/_smoke_prior_simplehead/s0_001_maskdino_bbox_seed42/checkpoints/best.pth,b9b5739212dc1bfe6f91699e09860cd2,125960023,2026-05-24T22:03:47.932441
experiments/baselines/_smoke_prior_simplehead/s0_002_maskdino_bbox_seed123/checkpoints/best.pth,8cf6a8e73910fe7a46e5a71938f9c41c,125960023,2026-05-24T22:04:12.327157
experiments/baselines/_smoke_prior_simplehead/s0_003_maskdino_bbox_seed456/checkpoints/best.pth,c3a3edaa123bf72c0de9167160825c6f,125960023,2026-05-24T22:04:17.905319
experiments/baselines/_smoke_prior_simplehead/s0_004_varifocanet_bbox_seed42/checkpoints/best.pth,f62bf6cb6f46077081ffc055f8f183de,125960023,2026-05-24T22:04:43.040052
experiments/baselines/_smoke_prior_simplehead/s0_005_varifocanet_bbox_seed123/checkpoints/best.pth,2181e9c8740ac58c201405a52ee1db6c,125960023,2026-05-24T22:04:48.711216
experiments/baselines/_smoke_prior_simplehead/s0_006_varifocanet_bbox_seed456/checkpoints/best.pth,690029963ff021a1d12f5f64a4c3bee0,125960023,2026-05-24T22:05:13.794942
experiments/hand2det_dev/hand2det_1ep_4ch_film_seed42/checkpoints/best_hand2det.pth,53c220c93e1beaa0307f6fc626e78e51,195458910,2026-07-28T10:41:54.006764
experiments/phase1/s4_phase_baseline_001_frozen_tecno_phase_baseline_seed42/checkpoints/best_tecno.pth,805373f9bcac149f7972933f9c8f60fc,1616418,2026-06-16T19:51:40.283772
experiments/phase1/s4_phase_baseline_002_frozen_tecno_phase_baseline_seed456/checkpoints/best_tecno.pth,de6d1f8d4c1cf8e56a9baecbe5641fbd,1616418,2026-06-16T19:52:28.107548
experiments/phase1/s4_phase_baseline_003_frozen_tecno_phase_baseline_seed123/checkpoints/best_tecno.pth,3246bd43bbef0e12124b68baa6aabcb6,1616418,2026-06-16T19:52:28.903544
experiments/phase1/s4_phase_baseline_004_frozen_tecno_phase_baseline_neck_seed42/checkpoints/best_tecno.pth,31f92077930d5d4a7801589776e96720,18403554,2026-06-18T14:33:09.830814
experiments/phase1/s4_phase_baseline_005_frozen_tecno_phase_baseline_neck_seed123/checkpoints/best_tecno.pth,dd3d8323129943e765c90fcee18bb47d,18403554,2026-06-18T14:33:38.114535
experiments/phase1/s4_phase_baseline_006_frozen_tecno_phase_baseline_neck_seed456/checkpoints/best_tecno.pth,259704bc5c2226013fd642ff6d610870,18403554,2026-06-18T14:33:52.026397
experiments/phase1/s4_phase_baseline_007_frozen_tecno_phase_necktransfer_seed42/checkpoints/best_tecno.pth,a6391bf86dac5c781619359283b10573,18403554,2026-06-19T04:48:42.313873
experiments/phase1/s4_phase_baseline_008_frozen_tecno_phase_necktransfer_seed123/checkpoints/best_tecno.pth,76094a26144b54d2186ceb9d4730acff,18403554,2026-06-19T04:49:07.621680
experiments/phase1/s4_phase_baseline_009_frozen_tecno_phase_necktransfer_seed456/checkpoints/best_tecno.pth,ef2f909adc9530cec284181573476126,18403554,2026-06-20T00:03:17.609773
experiments/phase1/s4_phase_baseline_010_frozen_tecno_phase_baseline_aligndetr_seed42/checkpoints/best_tecno.pth,981b21f6811cfb00284e26681e716aeb,1616610,2026-07-03T17:21:00.056126
experiments/phase1/s4_phase_baseline_010_frozen_tecno_phase_baseline_seed42/checkpoints/best_tecno.pth,d9d12cd9a50e567ba3a9fd6e99778bf2,1616171,2026-07-02T07:19:39.660856
experiments/phase1/s4_phase_baseline_011_frozen_tecno_phase_baseline_aligndetr_seed123/checkpoints/best_tecno.pth,fff2780ad90b62a3192ec0850ceacc0c,1616610,2026-07-03T17:21:06.509263
experiments/phase1/s4_phase_baseline_011_frozen_tecno_phase_baseline_seed123/checkpoints/best_tecno.pth,fb096b8204993983803e6e781cca7228,1616171,2026-07-02T07:19:40.928844
experiments/phase1/s4_phase_baseline_012_frozen_tecno_phase_baseline_aligndetr_seed456/checkpoints/best_tecno.pth,18ac790b21d2c30da54fb87c33d11f6d,1616610,2026-07-03T17:21:14.107425
experiments/phase1/s4_phase_baseline_012_frozen_tecno_phase_baseline_seed456/checkpoints/best_tecno.pth,0839106699d0c045dc2308d07f818445,1616171,2026-07-02T07:20:01.028646
experiments/phase1/s4_phase_baseline_013_frozen_tecno_phase_baseline_seed42/checkpoints/best_tecno.pth,794abc6e98852162d18567a5109abbfe,1616171,2026-07-02T19:41:32.282618
experiments/phase1/s4_phase_baseline_014_frozen_tecno_phase_baseline_seed42/checkpoints/best_tecno.pth,1abdfe058c4234bb9c28bdf06552b0a9,1616171,2026-07-02T19:42:00.662792
experiments/phase1/s4_phase_baseline_015_frozen_tecno_phase_baseline_seed42/checkpoints/best_tecno.pth,d190f4ed8f5f6ae8a2b6a452d56fc2c9,1616171,2026-07-03T01:53:14.297965
experiments/phase1/s4_phase_baseline_016_frozen_tecno_phase_baseline_seed42/checkpoints/best_tecno.pth,8b12a8361a8b8e48c5a124ad48b305ad,1616171,2026-07-03T01:53:36.733976
experiments/phase1/s4_phase_baseline_017_frozen_tecno_phase_baseline_seed42/checkpoints/best_tecno.pth,5fe79e05b5ef4160a5da97d4d0b2a2fe,1616171,2026-07-03T02:02:09.997546
experiments/phase1/s4_phase_baseline_018_frozen_tecno_phase_baseline_seed42/checkpoints/best_tecno.pth,033161f9e95d34117dca50d80b7bfee6,1616171,2026-07-03T02:02:35.861500
experiments/phase1/s4_phase_baseline_019_frozen_tecno_phase_baseline_seed123/checkpoints/best_tecno.pth,986a316c279e1543a4789d38e21977d3,1616171,2026-07-03T02:04:36.749268
experiments/phase1/s4_phase_baseline_020_frozen_tecno_phase_baseline_seed123/checkpoints/best_tecno.pth,48086f9ecf3bacf7f2149ae498c7bee5,1616171,2026-07-03T02:04:59.325221
experiments/phase1/s4_phase_baseline_021_frozen_tecno_phase_baseline_seed456/checkpoints/best_tecno.pth,babc80226818c93592d2b923c0584340,1616171,2026-07-03T02:06:55.200969
experiments/phase1/s4_phase_baseline_022_frozen_tecno_phase_baseline_seed456/checkpoints/best_tecno.pth,cf8cb5c7e3e1630d2a8a637af97f2411,1616171,2026-07-03T02:07:18.080917
experiments/phase1/s4_phase_baseline_023_frozen_tecno_phase_baseline_seed42/checkpoints/best_tecno.pth,c787b9f821439e48a311d8a273cb2b22,1616171,2026-07-03T10:17:17.116985
experiments/phase1/s4_phase_baseline_024_frozen_tecno_phase_baseline_seed42/checkpoints/best_tecno.pth,c502eaf9ef6cd1d95216b49c2d8cb049,1616171,2026-07-03T10:17:40.200928
experiments/phase1/s4_phase_baseline_025_frozen_tecno_phase_baseline_seed123/checkpoints/best_tecno.pth,a84a936c018a6130a867e241548184f4,1616171,2026-07-03T10:19:34.764596
experiments/phase1/s4_phase_baseline_026_frozen_tecno_phase_baseline_seed123/checkpoints/best_tecno.pth,d5335b0d8906d0aec7b73b6d2ca17c3a,1616171,2026-07-03T10:19:56.276464
experiments/phase1/s4_phase_baseline_027_frozen_tecno_phase_baseline_seed456/checkpoints/best_tecno.pth,187f81eec90b130fada8861b8ed66693,1616171,2026-07-03T10:21:58.307764
experiments/phase1/s4_phase_baseline_028_frozen_tecno_phase_baseline_seed456/checkpoints/best_tecno.pth,bbbf545e755243a8f2b4429312a09023,1616171,2026-07-03T10:22:13.475682
experiments/phase1/s4_phase_baseline_029_frozen_tecno_phase_baseline_seed42/checkpoints/best_tecno.pth,fedb24014e4c082a1aa61f886761de99,1616171,2026-07-03T18:26:36.010290
experiments/phase1/s4_phase_baseline_030_frozen_tecno_phase_baseline_seed42/checkpoints/best_tecno.pth,bb0d207fdd5abb94e8f73d618eca2f17,1616171,2026-07-03T18:27:07.697746
experiments/phase1/s4_phase_baseline_031_frozen_tecno_phase_baseline_seed123/checkpoints/best_tecno.pth,5ca8b5ed6da6d018f3211b972a947f61,1616171,2026-07-03T18:28:57.424000
experiments/phase1/s4_phase_baseline_032_frozen_tecno_phase_baseline_seed123/checkpoints/best_tecno.pth,ea8bfdb24d4205deb0001940802bd628,1616171,2026-07-03T18:29:18.575685
experiments/phase1/s4_phase_baseline_033_frozen_tecno_phase_baseline_seed456/checkpoints/best_tecno.pth,19166f2652af12ceddfc642d2fce5a22,1616171,2026-07-03T18:31:07.798159
experiments/phase1/s4_phase_baseline_034_frozen_tecno_phase_baseline_seed456/checkpoints/best_tecno.pth,5e935a666dd674be7e63d6547ac9d605,1616171,2026-07-03T18:31:31.645846
experiments/phase1/s4_phase_baseline_035_frozen_tecno_phase_baseline_seed42/checkpoints/best_tecno.pth,0dbcda3cde47a0f10adda96ae66386bf,1616171,2026-07-04T07:08:54.046075
experiments/phase1/s4_phase_baseline_036_frozen_tecno_phase_baseline_seed123/checkpoints/best_tecno.pth,7b1cece60ad27dd775c0a8b45063bb22,1616171,2026-07-04T07:10:07.286125
experiments/phase1/s4_phase_baseline_037_frozen_tecno_phase_baseline_seed456/checkpoints/best_tecno.pth,1da90fd8be4de3eec29db1dd0f796588,1616171,2026-07-04T07:11:18.754152
experiments/phase1/s4_phase_baseline_038_frozen_tecno_phase_baseline_seed42/checkpoints/best_tecno.pth,ddf2f01cdd66270a9da79e0b91b9fffc,1616171,2026-07-04T07:12:25.278161
experiments/phase1/s4_phase_baseline_039_frozen_tecno_phase_baseline_seed123/checkpoints/best_tecno.pth,c247d729466fde4a80a8976def55c925,1616171,2026-07-04T07:13:31.790156
experiments/phase1/s4_phase_baseline_040_frozen_tecno_phase_baseline_seed456/checkpoints/best_tecno.pth,c5488d671b9df6ae579bb034cede751f,1616171,2026-07-04T07:14:37.014139
experiments/phase1/s4_phase_baseline_041_frozen_tecno_phase_baseline_seed42/checkpoints/best_tecno.pth,4399df78e59d24208c2487fc593d86cb,1616171,2026-07-04T07:15:44.838110
experiments/phase1/s4_phase_baseline_042_frozen_tecno_phase_baseline_seed123/checkpoints/best_tecno.pth,4f84ce146e2d4ef4d9c16563e117d65d,1616171,2026-07-04T07:16:57.306069
experiments/phase1/s4_phase_baseline_043_frozen_tecno_phase_baseline_seed456/checkpoints/best_tecno.pth,29060ef755ad88e9b802dbb51ef0c17f,1616171,2026-07-04T07:18:06.430020
experiments/phase1/s4_phase_baseline_044_frozen_tecno_phase_baseline_seed42/checkpoints/best_tecno.pth,a60e402484dcee1c2503d517aca5080e,1616171,2026-07-04T07:21:30.105835
experiments/phase1/s4_phase_baseline_045_frozen_tecno_phase_baseline_seed42/checkpoints/best_tecno.pth,303f9ad7a47d2fc3ebf943da881fec2c,1616171,2026-07-04T07:21:53.185811
experiments/phase1/s4_phase_baseline_046_frozen_tecno_phase_baseline_seed123/checkpoints/best_tecno.pth,a916a2f152cee14d376c1e6646f2170c,1616171,2026-07-04T07:22:16.237786
experiments/phase1/s4_phase_baseline_047_frozen_tecno_phase_baseline_seed123/checkpoints/best_tecno.pth,d82797d199c68c4f32b69fd8b2dfe405,1616171,2026-07-04T07:22:38.529762
experiments/phase1/s4_phase_baseline_048_frozen_tecno_phase_baseline_seed456/checkpoints/best_tecno.pth,0d066d9f76681a3bdfcb921a0796e3e4,1616171,2026-07-04T07:23:00.281737
experiments/phase1/s4_phase_baseline_049_frozen_tecno_phase_baseline_seed456/checkpoints/best_tecno.pth,5fe851e5869bae16bd3df7841f8f1ac3,1616171,2026-07-04T07:23:26.569193
experiments/phase1/s4_phase_baseline_050_frozen_tecno_phase_baseline_seed42/checkpoints/best_tecno.pth,6ae88fe6d61a0a5863e943e9d7ca5da2,1616171,2026-07-04T07:23:45.896727
experiments/phase1/s4_phase_baseline_051_frozen_tecno_phase_baseline_seed42/checkpoints/best_tecno.pth,fe274a1fbc80c73a305ff16183d9dd8e,1616171,2026-07-04T07:24:13.188092
experiments/phase1/s4_phase_baseline_052_frozen_tecno_phase_baseline_seed123/checkpoints/best_tecno.pth,8fe96f5a03e0dd96a0a2972161e2c0c3,1616171,2026-07-04T07:24:33.363641
experiments/phase1/s4_phase_baseline_053_frozen_tecno_phase_baseline_seed123/checkpoints/best_tecno.pth,a7206021d9ae054401a72743f08fd5cb,1616171,2026-07-04T07:24:54.623180
experiments/phase1/s4_phase_baseline_054_frozen_tecno_phase_baseline_seed456/checkpoints/best_tecno.pth,a53f1dc837fc805ab52f06baa33b0207,1616171,2026-07-04T07:25:19.066670
experiments/phase1/s4_phase_baseline_055_frozen_tecno_phase_baseline_seed456/checkpoints/best_tecno.pth,82162deaba75b228c6edd71435a5fd05,1616171,2026-07-04T07:25:44.498158
experiments/phase1/s4_phase_baseline_056_frozen_tecno_phase_baseline_seed42/checkpoints/best_tecno.pth,44c2b6cb807e16e272f2281b9ef59571,1616171,2026-07-04T07:25:57.729900
experiments/phase1/s4_phase_baseline_057_frozen_tecno_phase_baseline_seed42/checkpoints/best_tecno.pth,3e042321be50bebc9c5befab0f010f5e,1616171,2026-07-04T07:26:27.285342
experiments/phase1/s4_phase_baseline_058_frozen_tecno_phase_baseline_seed123/checkpoints/best_tecno.pth,11505407ef0f2875ad1ab36badbd6b22,1616171,2026-07-04T07:26:45.933002
experiments/phase1/s4_phase_baseline_059_frozen_tecno_phase_baseline_seed123/checkpoints/best_tecno.pth,99032d4ae5284f5b8607fb2595219a91,1616171,2026-07-04T07:27:08.716600
experiments/phase1/s4_phase_baseline_060_frozen_tecno_phase_baseline_seed456/checkpoints/best_tecno.pth,09805a02ab789a00d3d162c44508eb95,1616171,2026-07-04T07:27:35.324147
experiments/phase1/s4_phase_baseline_061_frozen_tecno_phase_baseline_seed456/checkpoints/best_tecno.pth,41f2f54b8a41528e8eb235e4f231169e,1616171,2026-07-04T07:27:56.683796
experiments/transfer/b2a_base_oracle_noise_p010_001_b2a_base_oracle_noise_p010_seed42/checkpoints/best_tecno.pth,dd67e6048a3444d005fdbc66d1602598,1620450,2026-06-29T17:37:38.094774
experiments/transfer/b2a_base_oracle_noise_p010_002_b2a_base_oracle_noise_p010_seed123/checkpoints/best_tecno.pth,71477ee207e14e506908efdd928676d4,1620450,2026-06-29T17:38:02.910701
experiments/transfer/b2a_base_oracle_noise_p010_003_b2a_base_oracle_noise_p010_seed456/checkpoints/best_tecno.pth,2ef0071825255a91c87d0364bd559d8e,1620450,2026-06-29T17:38:35.090602
experiments/transfer/b2a_base_oracle_noise_p020_001_b2a_base_oracle_noise_p020_seed42/checkpoints/best_tecno.pth,61f2d6354a1b715f790f1a1451f1a0df,1620450,2026-06-29T17:39:04.982506
experiments/transfer/b2a_base_oracle_noise_p020_002_b2a_base_oracle_noise_p020_seed123/checkpoints/best_tecno.pth,0ac46dc62736501273463909399add02,1620450,2026-06-29T17:39:34.298409
experiments/transfer/b2a_base_oracle_noise_p020_003_b2a_base_oracle_noise_p020_seed456/checkpoints/best_tecno.pth,efcce424367364a23a6c77782c60f920,1620450,2026-06-29T17:40:01.502315
experiments/transfer/b2a_base_oracle_noise_p030_001_b2a_base_oracle_noise_p030_seed42/checkpoints/best_tecno.pth,6bcf90925a7f7dcf124927e41ae4ae96,1620450,2026-06-29T17:40:29.426216
experiments/transfer/b2a_base_oracle_noise_p030_002_b2a_base_oracle_noise_p030_seed123/checkpoints/best_tecno.pth,97ad93ea135b2a6014b756b29f7fd905,1620450,2026-06-29T17:40:56.670117
experiments/transfer/b2a_base_oracle_noise_p030_003_b2a_base_oracle_noise_p030_seed456/checkpoints/best_tecno.pth,bbcced8068507ed5ebee24f260d8d21b,1620450,2026-06-29T17:41:25.638010
experiments/transfer/b2a_base_oracle_top3noise_p010_001_b2a_base_oracle_top3noise_p010_seed42/checkpoints/best_tecno.pth,7bacd93984fdbf29362be7f744614628,1620450,2026-06-29T20:11:57.496606
experiments/transfer/b2a_base_oracle_top3noise_p010_002_b2a_base_oracle_top3noise_p010_seed123/checkpoints/best_tecno.pth,6c1a644a46af1d31d6e8ea0a0834eb3f,1620450,2026-06-29T20:12:28.932291
experiments/transfer/b2a_base_oracle_top3noise_p010_003_b2a_base_oracle_top3noise_p010_seed456/checkpoints/best_tecno.pth,63dc88218af9fc7463583c0ce1b18bb2,1620450,2026-06-29T20:13:00.043980
experiments/transfer/b2a_base_oracle_top3noise_p020_001_b2a_base_oracle_top3noise_p020_seed42/checkpoints/best_tecno.pth,f1e289b4681dbda1aa2902cde13c30c6,1620450,2026-06-29T20:13:30.263677
experiments/transfer/b2a_base_oracle_top3noise_p020_002_b2a_base_oracle_top3noise_p020_seed123/checkpoints/best_tecno.pth,7ccfd09c8aca2f2634fe48fd30f02b32,1620450,2026-06-29T20:14:02.375355
experiments/transfer/b2a_base_oracle_top3noise_p020_003_b2a_base_oracle_top3noise_p020_seed456/checkpoints/best_tecno.pth,02e28f61486f78ba624e03359bcecb8d,1620450,2026-06-29T20:14:29.207086
experiments/transfer/b2a_base_oracle_top3noise_p030_001_b2a_base_oracle_top3noise_p030_seed42/checkpoints/best_tecno.pth,5e27fa6283cc0ca1edb127f383a1dbea,1620450,2026-06-29T20:15:01.438762
experiments/transfer/b2a_base_oracle_top3noise_p030_002_b2a_base_oracle_top3noise_p030_seed123/checkpoints/best_tecno.pth,1a773978de7c134cd4533d5392c0be0e,1620450,2026-06-29T20:15:32.766448
experiments/transfer/b2a_base_oracle_top3noise_p030_003_b2a_base_oracle_top3noise_p030_seed456/checkpoints/best_tecno.pth,4a5a88302631dfc215fe3370a7b88e7e,1620450,2026-06-29T20:15:59.074183
experiments/transfer/b2a_det2phase_001_b2a_det2phase_toolpresence_seed42/checkpoints/best_tecno.pth,4003c7cd6d0d6d55409c9193a8177acb,1620450,2026-06-20T17:42:08.660831
experiments/transfer/b2a_det2phase_002_b2a_det2phase_toolpresence_seed123/checkpoints/best_tecno.pth,db704f594017a938e76b3dceb3fd55f0,1620450,2026-06-20T17:42:28.424640
experiments/transfer/b2a_det2phase_003_b2a_det2phase_toolpresence_seed456/checkpoints/best_tecno.pth,8b923651919581b81f8964d995657acb,1620450,2026-06-20T17:42:54.136392
experiments/transfer/b2a_det2phase_oracletool_001_b2a_det2phase_oracletool_seed789/checkpoints/best_tecno.pth,e02e8df5a0213ffbbb6727b27861b660,1620450,2026-06-29T05:17:28.245322
experiments/transfer/b2a_det2phase_oracletool_002_b2a_det2phase_oracletool_seed1000/checkpoints/best_tecno.pth,07b9e46f95599505977189eb5a3d1e28,1620450,2026-06-29T05:19:11.496709
experiments/transfer/b2a_det2phase_oracletool_003_b2a_det2phase_oracletool_seed123/checkpoints/best_tecno.pth,c03ecdd7394ec93d896e501ef509808c,1620450,2026-06-29T05:21:15.207899
experiments/transfer/b2a_det2phase_oracletool_004_b2a_det2phase_oracletool_seed42/checkpoints/best_tecno.pth,581224f0145423f0ba9578a314da0fb7,1620450,2026-06-29T05:21:15.551897
experiments/transfer/b2a_det2phase_oracletool_005_b2a_det2phase_oracletool_seed456/checkpoints/best_tecno.pth,498426c2e7c570fd1d9fc1c1ac93654f,1620450,2026-06-29T05:21:42.783710
experiments/transfer/b2a_det2phase_oracletool_006_b2a_det2phase_oracletool_seed42/checkpoints/best_tecno.pth,8312ae64f1b7f438030455fbcd7f1870,1620011,2026-07-02T08:00:01.294186
experiments/transfer/b2a_det2phase_oracletool_007_b2a_det2phase_oracletool_seed123/checkpoints/best_tecno.pth,9171f0f71fba1598675893b1c90e6218,1620011,2026-07-02T08:00:07.482210
experiments/transfer/b2a_det2phase_oracletool_008_b2a_det2phase_oracletool_seed456/checkpoints/best_tecno.pth,1982311cd7eee63f14b43fea025619ee,1620011,2026-07-02T08:00:26.502281
experiments/transfer/b2a_det2phase_toolpresence_001_b2a_det2phase_toolpresence_seed789/checkpoints/best_tecno.pth,d630cbdcef42feae38fefb94527caf15,1620450,2026-06-29T05:16:55.677502
experiments/transfer/b2a_det2phase_toolpresence_002_b2a_det2phase_toolpresence_seed1000/checkpoints/best_tecno.pth,29f862f35ecb11d5dec55283b0803dd0,1620450,2026-06-29T05:18:45.028872
experiments/transfer/b2a_det2phase_toolpresence_003_b2a_det2phase_toolpresence_seed42/checkpoints/best_tecno.pth,0f724cbf2d5045f14683a80ca9f6e980,1620011,2026-07-02T19:42:22.926922
experiments/transfer/b2a_det2phase_toolpresence_004_b2a_det2phase_toolpresence_seed42/checkpoints/best_tecno.pth,c7a8f908feabfdcf35f97cb9bab75352,1620011,2026-07-03T01:54:02.753984
experiments/transfer/b2a_det2phase_toolpresence_005_b2a_det2phase_toolpresence_seed42/checkpoints/best_tecno.pth,c8eae5b5bec109c5fa78e491e60293b0,1620011,2026-07-03T01:54:21.373988
experiments/transfer/b2a_det2phase_toolpresence_006_b2a_det2phase_toolpresence_seed42/checkpoints/best_tecno.pth,2cd0af999e97c25bd84263e054ecfc60,1620011,2026-07-03T02:03:03.737449
experiments/transfer/b2a_det2phase_toolpresence_007_b2a_det2phase_toolpresence_seed42/checkpoints/best_tecno.pth,eecf90579841fbd4bdb0abc64c24fc4c,1620011,2026-07-03T02:03:23.813412
experiments/transfer/b2a_det2phase_toolpresence_008_b2a_det2phase_toolpresence_seed123/checkpoints/best_tecno.pth,aa7cc084561c4b64a1d8f11163e1f7da,1620011,2026-07-03T02:05:19.697178
experiments/transfer/b2a_det2phase_toolpresence_009_b2a_det2phase_toolpresence_seed123/checkpoints/best_tecno.pth,8e0d5bd02943ffc0011b5f5c47dc0b85,1620011,2026-07-03T02:05:44.757125
experiments/transfer/b2a_det2phase_toolpresence_010_b2a_det2phase_toolpresence_seed456/checkpoints/best_tecno.pth,8a9258f20483ed4605628c6507a77839,1620011,2026-07-03T02:07:40.024866
experiments/transfer/b2a_det2phase_toolpresence_011_b2a_det2phase_toolpresence_seed456/checkpoints/best_tecno.pth,44f5a2aed1648ef8c1c1f4e7a6ac9ab1,1620011,2026-07-03T02:08:02.572813
experiments/transfer/b2a_det2phase_toolpresence_012_b2a_det2phase_toolpresence_seed42/checkpoints/best_tecno.pth,18dbcd86531fcb1dc1e5d4b7840562ad,1620011,2026-07-03T10:18:04.564868
experiments/transfer/b2a_det2phase_toolpresence_013_b2a_det2phase_toolpresence_seed42/checkpoints/best_tecno.pth,90c6ca709364d750785113ab73aafacc,1620011,2026-07-03T10:18:26.132815
experiments/transfer/b2a_det2phase_toolpresence_014_b2a_det2phase_toolpresence_seed123/checkpoints/best_tecno.pth,55fbc6315bb4caee8c155d227b9f784c,1620011,2026-07-03T10:20:22.460307
experiments/transfer/b2a_det2phase_toolpresence_015_b2a_det2phase_toolpresence_seed123/checkpoints/best_tecno.pth,a9d515a69e5d7a621972d25d5bb3ed8a,1620011,2026-07-03T10:20:42.072192
experiments/transfer/b2a_det2phase_toolpresence_016_b2a_det2phase_toolpresence_seed456/checkpoints/best_tecno.pth,8fbe92cb03a3b0e77c1908863769adfa,1620011,2026-07-03T10:22:42.335530
experiments/transfer/b2a_det2phase_toolpresence_017_b2a_det2phase_toolpresence_seed456/checkpoints/best_tecno.pth,6fb2c4d3449f6065651b55dcff8e190a,1620011,2026-07-03T10:23:06.007407
experiments/transfer/b2a_det2phase_toolpresence_018_b2a_det2phase_toolpresence_seed42/checkpoints/best_tecno.pth,c616616da35385f8c61cd1098b26da79,1620011,2026-07-03T18:27:31.577348
experiments/transfer/b2a_det2phase_toolpresence_019_b2a_det2phase_toolpresence_seed42/checkpoints/best_tecno.pth,3a2b08b3c2593037a90a22766d3e49c5,1620011,2026-07-03T18:27:52.597007
experiments/transfer/b2a_det2phase_toolpresence_020_b2a_det2phase_toolpresence_seed123/checkpoints/best_tecno.pth,2de03a7996af8be24014aa44021b84ca,1620011,2026-07-03T18:29:47.223270
experiments/transfer/b2a_det2phase_toolpresence_021_b2a_det2phase_toolpresence_seed123/checkpoints/best_tecno.pth,c923a530823aa6e7bed4f4043fd71d45,1620011,2026-07-03T18:30:08.374970
experiments/transfer/b2a_det2phase_toolpresence_022_b2a_det2phase_toolpresence_seed456/checkpoints/best_tecno.pth,b8452f1150dc9373b97079d1e61359f1,1620011,2026-07-03T18:32:00.009481
experiments/transfer/b2a_det2phase_toolpresence_023_b2a_det2phase_toolpresence_seed456/checkpoints/best_tecno.pth,9fb79360b1190155c4972b89976df775,1620011,2026-07-03T18:32:23.885181
experiments/transfer/b2a_det2phase_toolpresence_024_b2a_det2phase_toolpresence_seed42/checkpoints/best_tecno.pth,380fa481739169c30e8419ad75fc77aa,1620011,2026-07-04T07:09:24.546099
experiments/transfer/b2a_det2phase_toolpresence_025_b2a_det2phase_toolpresence_seed123/checkpoints/best_tecno.pth,8874fb011a8f66ae62a6dc1f08add73d,1620011,2026-07-04T07:10:33.322137
experiments/transfer/b2a_det2phase_toolpresence_026_b2a_det2phase_toolpresence_seed456/checkpoints/best_tecno.pth,125f8de9f3fb93d14258889d4f9df163,1620011,2026-07-04T07:11:39.770157
experiments/transfer/b2a_det2phase_toolpresence_027_b2a_det2phase_toolpresence_seed42/checkpoints/best_tecno.pth,c192c8883950b93e482b6e4fb9c58bb9,1620011,2026-07-04T07:12:45.930161
experiments/transfer/b2a_det2phase_toolpresence_028_b2a_det2phase_toolpresence_seed123/checkpoints/best_tecno.pth,7ac41e2da36ed753713122ffe515e606,1620011,2026-07-04T07:13:52.422152
experiments/transfer/b2a_det2phase_toolpresence_029_b2a_det2phase_toolpresence_seed456/checkpoints/best_tecno.pth,f500d86448d786eb074bf2d212d10b26,1620011,2026-07-04T07:14:59.330131
experiments/transfer/b2a_det2phase_toolpresence_030_b2a_det2phase_toolpresence_seed42/checkpoints/best_tecno.pth,b128978686808042c8fe92ab8b492b8f,1620011,2026-07-04T07:16:09.310097
experiments/transfer/b2a_det2phase_toolpresence_031_b2a_det2phase_toolpresence_seed123/checkpoints/best_tecno.pth,f237e4ab3f84ea4fcb049c2ad83d3f63,1620011,2026-07-04T07:17:19.498054
experiments/transfer/b2a_det2phase_toolpresence_032_b2a_det2phase_toolpresence_seed456/checkpoints/best_tecno.pth,451d904db58f458f079517fc50ed6268,1620011,2026-07-04T07:18:30.338001
experiments/transfer/b2a_mask_dim_00_001_b2a_mask_dim_00_seed42/checkpoints/best_tecno.pth,f266f09704885daecbd5451bd23171d8,1620450,2026-06-29T05:19:21.604645
experiments/transfer/b2a_mask_dim_00_002_b2a_mask_dim_00_seed123/checkpoints/best_tecno.pth,2deaa77a8a3c78d7dd0f7074d853590e,1620450,2026-06-29T05:19:48.488474
experiments/transfer/b2a_mask_dim_00_003_b2a_mask_dim_00_seed456/checkpoints/best_tecno.pth,2d8784243c4843a0d28050a87d7c7c1f,1620450,2026-06-29T05:20:13.580312
experiments/transfer/b2a_mask_dim_01_001_b2a_mask_dim_01_seed42/checkpoints/best_tecno.pth,71e0b741b97f93ab2fd221c1637527d0,1620450,2026-06-29T05:19:21.000649
experiments/transfer/b2a_mask_dim_01_002_b2a_mask_dim_01_seed123/checkpoints/best_tecno.pth,401beacc9b6daa1aacaa7a8497448139,1620450,2026-06-29T05:19:48.900472
experiments/transfer/b2a_mask_dim_01_003_b2a_mask_dim_01_seed456/checkpoints/best_tecno.pth,13d97b532bc3aec408f4b1fcf3a2929a,1620450,2026-06-29T05:20:14.296307
experiments/transfer/b2a_mask_dim_02_001_b2a_mask_dim_02_seed42/checkpoints/best_tecno.pth,b10c30dd25bcb3500a0cb27fac1e5c3a,1620450,2026-06-29T05:20:43.284115
experiments/transfer/b2a_mask_dim_02_002_b2a_mask_dim_02_seed123/checkpoints/best_tecno.pth,ee260889651681b8c25f8720248b9bb4,1620450,2026-06-29T05:21:06.867956
experiments/transfer/b2a_mask_dim_02_003_b2a_mask_dim_02_seed456/checkpoints/best_tecno.pth,303ed99156cb69dbebdcc7d73726e91f,1620450,2026-06-29T05:21:36.123756
experiments/transfer/b2a_mask_dim_03_001_b2a_mask_dim_03_seed42/checkpoints/best_tecno.pth,d59e29b0a7df77814cd5c23bb0ecf7e6,1620450,2026-06-29T05:20:39.304142
experiments/transfer/b2a_mask_dim_03_002_b2a_mask_dim_03_seed123/checkpoints/best_tecno.pth,6aaca6454150dc07c1d0cc618f76bc33,1620450,2026-06-29T05:21:09.415939
experiments/transfer/b2a_mask_dim_03_003_b2a_mask_dim_03_seed456/checkpoints/best_tecno.pth,cf7a807582c99a10a3674d775c5d36f1,1620450,2026-06-29T05:21:36.659752
experiments/transfer/b2a_mask_dim_04_001_b2a_mask_dim_04_seed42/checkpoints/best_tecno.pth,34aed40cf0ff3c35c3afc013df7c9bdb,1620450,2026-06-29T05:22:03.539565
experiments/transfer/b2a_mask_dim_04_002_b2a_mask_dim_04_seed123/checkpoints/best_tecno.pth,846fa1de03c1859d47fa09ed9eb1d821,1620450,2026-06-29T05:22:31.471368
experiments/transfer/b2a_mask_dim_04_003_b2a_mask_dim_04_seed456/checkpoints/best_tecno.pth,bb967340ec201bf4ec7d2c0e572bc9ae,1620450,2026-06-29T05:22:59.499166
experiments/transfer/b2a_mask_dim_05_001_b2a_mask_dim_05_seed42/checkpoints/best_tecno.pth,318f4c7351e851b8859586ca6cdd920a,1620450,2026-06-29T05:22:03.731564
experiments/transfer/b2a_mask_dim_05_002_b2a_mask_dim_05_seed123/checkpoints/best_tecno.pth,43525d44849320884554e92879bc3928,1620450,2026-06-29T05:22:31.103370
experiments/transfer/b2a_mask_dim_05_003_b2a_mask_dim_05_seed456/checkpoints/best_tecno.pth,99773d45c0d7eca885d4b3d24bcfb92e,1620450,2026-06-29T05:22:59.303168
experiments/transfer/b2a_mask_dim_06_001_b2a_mask_dim_06_seed42/checkpoints/best_tecno.pth,fd1faea85cbacca9598f739d77b778fb,1620450,2026-06-29T05:23:26.906968
experiments/transfer/b2a_mask_dim_06_002_b2a_mask_dim_06_seed123/checkpoints/best_tecno.pth,6b7a3a41a95a6711faf2d921ec136ed8,1620450,2026-06-29T05:23:54.870762
experiments/transfer/b2a_mask_dim_06_003_b2a_mask_dim_06_seed456/checkpoints/best_tecno.pth,d5f18ffd1fdca1713b3971e49946595b,1620450,2026-06-29T05:24:20.742570
experiments/transfer/b2a_mask_dim_07_001_b2a_mask_dim_07_seed42/checkpoints/best_tecno.pth,e6bdbbda7d0fb76b8df54f0219c71d96,1620450,2026-06-29T05:23:27.098966
experiments/transfer/b2a_mask_dim_07_002_b2a_mask_dim_07_seed123/checkpoints/best_tecno.pth,c3b9ed6f68a7ac8fb29350229fc25d07,1620450,2026-06-29T05:23:56.118753
experiments/transfer/b2a_mask_dim_07_003_b2a_mask_dim_07_seed456/checkpoints/best_tecno.pth,b2d29f2a9fd4ca6a6dc9e35a3ec3c73a,1620450,2026-06-29T05:24:20.266573
experiments/transfer/b2a_mask_dim_08_001_b2a_mask_dim_08_seed42/checkpoints/best_tecno.pth,96f631c935202a39d827581521ab3d7e,1620450,2026-06-29T05:24:50.702344
experiments/transfer/b2a_mask_dim_08_002_b2a_mask_dim_08_seed123/checkpoints/best_tecno.pth,0b01c9b8d8a78f1769d0864b6952f270,1620450,2026-06-29T05:25:22.966099
experiments/transfer/b2a_mask_dim_08_003_b2a_mask_dim_08_seed456/checkpoints/best_tecno.pth,6f23495fda9df1f0a1a4319023cea515,1620450,2026-06-29T05:25:47.361912
experiments/transfer/b2a_mask_dim_09_001_b2a_mask_dim_09_seed42/checkpoints/best_tecno.pth,02d45f2221e0697b661478f0b8798c17,1620450,2026-06-29T05:24:47.606368
experiments/transfer/b2a_mask_dim_09_002_b2a_mask_dim_09_seed123/checkpoints/best_tecno.pth,ef5b3eaaea300fd342858ed4de8609ed,1620450,2026-06-29T05:25:18.638132
experiments/transfer/b2a_mask_dim_09_003_b2a_mask_dim_09_seed456/checkpoints/best_tecno.pth,7ae8ba921dc363e249e34a63212e392d,1620450,2026-06-29T05:25:48.289905
experiments/transfer/b2a_mask_dim_10_001_b2a_mask_dim_10_seed42/checkpoints/best_tecno.pth,837911f7e45ce460789ef44fd83f51c2,1620450,2026-06-29T05:26:13.381711
experiments/transfer/b2a_mask_dim_10_002_b2a_mask_dim_10_seed123/checkpoints/best_tecno.pth,1f27d8daa2fb754c3fb3049ad80998a0,1620450,2026-06-29T05:26:41.053495
experiments/transfer/b2a_mask_dim_10_003_b2a_mask_dim_10_seed456/checkpoints/best_tecno.pth,242434ab9a06512fbdc6ad19e8c4c842,1620450,2026-06-29T05:27:08.417280
experiments/transfer/b2a_mask_dim_11_001_b2a_mask_dim_11_seed42/checkpoints/best_tecno.pth,48bce5862da0fc2fef377010f1b39904,1620450,2026-06-29T05:26:15.905691
experiments/transfer/b2a_mask_dim_11_002_b2a_mask_dim_11_seed123/checkpoints/best_tecno.pth,a1cad92a242840e98dabf72ad827a610,1620450,2026-06-29T05:26:44.653467
experiments/transfer/b2a_mask_dim_11_003_b2a_mask_dim_11_seed456/checkpoints/best_tecno.pth,71f5e6fe13359044d0b905b052c82df4,1620450,2026-06-29T05:27:08.353280
experiments/transfer/b2a_mask_dim_12_001_b2a_mask_dim_12_seed42/checkpoints/best_tecno.pth,71ad7c46df538303f78b725485a0a52f,1620450,2026-06-29T05:27:37.477050
experiments/transfer/b2a_mask_dim_12_002_b2a_mask_dim_12_seed123/checkpoints/best_tecno.pth,1af7bee7bc4beaa6aca2420568f06537,1620450,2026-06-29T05:28:01.268860
experiments/transfer/b2a_mask_dim_12_003_b2a_mask_dim_12_seed456/checkpoints/best_tecno.pth,ac65465ca1a4fa1065db7000e75f074b,1620450,2026-06-29T05:28:30.324627
experiments/transfer/b2a_mask_dim_13_001_b2a_mask_dim_13_seed42/checkpoints/best_tecno.pth,6c9fbede188a9ae857042ff717e5962c,1620450,2026-06-29T05:27:38.505042
experiments/transfer/b2a_mask_dim_13_002_b2a_mask_dim_13_seed123/checkpoints/best_tecno.pth,21a8e6ab04c2d824f26fe697ade9d67a,1620450,2026-06-29T05:28:04.244836
experiments/transfer/b2a_mask_dim_13_003_b2a_mask_dim_13_seed456/checkpoints/best_tecno.pth,86dc5814a2e5c45059344e7007e66f5c,1620450,2026-06-29T05:28:31.416618
experiments/transfer/b2a_mask_dim_14_001_b2a_mask_dim_14_seed42/checkpoints/best_tecno.pth,ed9de79e12679af86bd2fe74df4f3c32,1620450,2026-06-29T05:29:00.876380
experiments/transfer/b2a_mask_dim_14_002_b2a_mask_dim_14_seed123/checkpoints/best_tecno.pth,7d38a495d0e032e8fffe3a0688323ab8,1620450,2026-06-29T05:29:28.100159
experiments/transfer/b2a_mask_dim_14_003_b2a_mask_dim_14_seed456/checkpoints/best_tecno.pth,863365089660d1dd4dccb0c169c6f1c2,1620450,2026-06-29T05:29:56.571927
experiments/transfer/b2a_oracle_mask_00_001_b2a_oracle_mask_00_seed42/checkpoints/best_tecno.pth,f52a579a0939c957e3af77b451400367,1620450,2026-06-29T06:28:25.868472
experiments/transfer/b2a_oracle_mask_00_002_b2a_oracle_mask_00_seed123/checkpoints/best_tecno.pth,b15090d2f183472164b8c2f4e7b52299,1620450,2026-06-29T06:29:22.280028
experiments/transfer/b2a_oracle_mask_00_003_b2a_oracle_mask_00_seed456/checkpoints/best_tecno.pth,48f50401a45208beffbf132c299b82ec,1620450,2026-06-29T06:30:18.159577
experiments/transfer/b2a_oracle_mask_01_001_b2a_oracle_mask_01_seed42/checkpoints/best_tecno.pth,2208da043fed49c376a8a1a8206b0f82,1620450,2026-06-29T07:36:33.220256
experiments/transfer/b2a_oracle_mask_01_002_b2a_oracle_mask_01_seed123/checkpoints/best_tecno.pth,cf8a275748af5ebefc728b3d627764db,1620450,2026-06-29T07:37:03.904118
experiments/transfer/b2a_oracle_mask_01_003_b2a_oracle_mask_01_seed456/checkpoints/best_tecno.pth,01f1cb2662a7201bdd2951254c0c5c75,1620450,2026-06-29T07:37:29.068000
experiments/transfer/b2a_oracle_mask_02_001_b2a_oracle_mask_02_seed42/checkpoints/best_tecno.pth,3ea2d696c9610604886c1f869a3e6650,1620450,2026-06-29T07:37:54.915875
experiments/transfer/b2a_oracle_mask_02_002_b2a_oracle_mask_02_seed123/checkpoints/best_tecno.pth,bf44ebf135c44423871f3c560415d96f,1620450,2026-06-29T07:38:21.099746
experiments/transfer/b2a_oracle_mask_02_003_b2a_oracle_mask_02_seed456/checkpoints/best_tecno.pth,276b70cd07a8c69b34ad8b796eeb9bb6,1620450,2026-06-29T07:38:47.583611
experiments/transfer/b2a_oracle_mask_03_001_b2a_oracle_mask_03_seed42/checkpoints/best_tecno.pth,e953283bc97c052fc6cde80a295787ec,1620450,2026-06-29T07:37:56.027870
experiments/transfer/b2a_oracle_mask_03_002_b2a_oracle_mask_03_seed123/checkpoints/best_tecno.pth,5eb6a7b0449645373f26a2d754612329,1620450,2026-06-29T07:38:21.363744
experiments/transfer/b2a_oracle_mask_03_003_b2a_oracle_mask_03_seed456/checkpoints/best_tecno.pth,45cf1a63b33010193ae7ddb9f93a3021,1620450,2026-06-29T07:38:46.231618
experiments/transfer/b2a_oracle_mask_04_001_b2a_oracle_mask_04_seed42/checkpoints/best_tecno.pth,64c6ac71dd224a320870b51b47a79a5d,1620450,2026-06-29T07:39:14.023473
experiments/transfer/b2a_oracle_mask_04_002_b2a_oracle_mask_04_seed123/checkpoints/best_tecno.pth,b77cb0c318bf6d7216f55ff8c52af576,1620450,2026-06-29T07:39:39.695337
experiments/transfer/b2a_oracle_mask_04_003_b2a_oracle_mask_04_seed456/checkpoints/best_tecno.pth,931dc887a39a3f97393b7446a88b14e8,1620450,2026-06-29T07:40:04.811200
experiments/transfer/b2a_oracle_mask_05_001_b2a_oracle_mask_05_seed42/checkpoints/best_tecno.pth,30e07c4b75af534963775f976e58c36d,1620450,2026-06-29T07:39:15.371466
experiments/transfer/b2a_oracle_mask_05_002_b2a_oracle_mask_05_seed123/checkpoints/best_tecno.pth,4bf742b96a5a9b2b4bc2610f0e4e97c5,1620450,2026-06-29T07:39:40.127334
experiments/transfer/b2a_oracle_mask_05_003_b2a_oracle_mask_05_seed456/checkpoints/best_tecno.pth,40de728db3b9e00fc67da452dba7f305,1620450,2026-06-29T07:40:06.607190
experiments/transfer/b2a_oracle_mask_06_001_b2a_oracle_mask_06_seed42/checkpoints/best_tecno.pth,15b845ce57fd2a42be875b54a4b91514,1620450,2026-06-29T06:28:26.880464
experiments/transfer/b2a_oracle_mask_06_002_b2a_oracle_mask_06_seed123/checkpoints/best_tecno.pth,4d30943aad33e882d0b2b3cacaa2dd09,1620450,2026-06-29T06:29:23.972015
experiments/transfer/b2a_oracle_mask_06_003_b2a_oracle_mask_06_seed456/checkpoints/best_tecno.pth,823debdc6818af060fe61499142c12b7,1620450,2026-06-29T06:30:14.751605
experiments/transfer/b2a_oracle_mask_07_001_b2a_oracle_mask_07_seed42/checkpoints/best_tecno.pth,82f08bd80a2350775f003343b908b2f6,1620450,2026-06-29T07:40:34.855033
experiments/transfer/b2a_oracle_mask_07_002_b2a_oracle_mask_07_seed123/checkpoints/best_tecno.pth,cc3504f61db7be9ff52293d2b4a93cea,1620450,2026-06-29T07:41:05.886858
experiments/transfer/b2a_oracle_mask_07_003_b2a_oracle_mask_07_seed456/checkpoints/best_tecno.pth,81e1740b5f09a670d3759895c89033c9,1620450,2026-06-29T07:41:34.894690
experiments/transfer/b2a_oracle_mask_08_001_b2a_oracle_mask_08_seed42/checkpoints/best_tecno.pth,5ab7769a451cb0f0c21b72219554f286,1620450,2026-06-29T07:41:59.326547
experiments/transfer/b2a_oracle_mask_08_002_b2a_oracle_mask_08_seed123/checkpoints/best_tecno.pth,18a7c732ab957bfa78653cff8428df30,1620450,2026-06-29T07:42:30.346362
experiments/transfer/b2a_oracle_mask_08_003_b2a_oracle_mask_08_seed456/checkpoints/best_tecno.pth,27161c64c5a40b4cd76f502543353416,1620450,2026-06-29T07:42:58.266193
experiments/transfer/b2a_oracle_mask_09_001_b2a_oracle_mask_09_seed42/checkpoints/best_tecno.pth,3330ec6285e9932cda9667a5b0794654,1620450,2026-06-29T06:28:52.180267
experiments/transfer/b2a_oracle_mask_09_002_b2a_oracle_mask_09_seed123/checkpoints/best_tecno.pth,0120338398da45e9317eb7862c2fb5b8,1620450,2026-06-29T06:29:50.379802
experiments/transfer/b2a_oracle_mask_09_003_b2a_oracle_mask_09_seed456/checkpoints/best_tecno.pth,9aad96768a3b62cc580d070c7605e6de,1620450,2026-06-29T06:30:44.247362
experiments/transfer/b2a_oracle_mask_10_001_b2a_oracle_mask_10_seed42/checkpoints/best_tecno.pth,4ec548058ddb8b18b464099dffe90f16,1620450,2026-06-29T07:43:24.706031
experiments/transfer/b2a_oracle_mask_10_002_b2a_oracle_mask_10_seed123/checkpoints/best_tecno.pth,6a379afbc97e19bc9d3eae10eb2a6b23,1620450,2026-06-29T07:43:52.221861
experiments/transfer/b2a_oracle_mask_10_003_b2a_oracle_mask_10_seed456/checkpoints/best_tecno.pth,e42248ea5493a20e96f7baeea8eaa1e8,1620450,2026-06-29T07:44:13.561727
experiments/transfer/b2a_oracle_mask_11_001_b2a_oracle_mask_11_seed42/checkpoints/best_tecno.pth,4bca6f30dbba8d014ad30990355ff663,1620450,2026-06-29T07:43:26.034023
experiments/transfer/b2a_oracle_mask_11_002_b2a_oracle_mask_11_seed123/checkpoints/best_tecno.pth,83ede0bd343171680c79b59491ef90e2,1620450,2026-06-29T07:43:50.601871
experiments/transfer/b2a_oracle_mask_11_003_b2a_oracle_mask_11_seed456/checkpoints/best_tecno.pth,25ce3b36e3aa139191660065e9f18fe1,1620450,2026-06-29T07:44:16.165711
experiments/transfer/b2a_oracle_mask_12_001_b2a_oracle_mask_12_seed42/checkpoints/best_tecno.pth,420e997df50fd3b125e535660eb5796c,1620450,2026-06-29T07:44:41.793549
experiments/transfer/b2a_oracle_mask_12_002_b2a_oracle_mask_12_seed123/checkpoints/best_tecno.pth,cdc855e31660cea28ddc6b1d0faa6427,1620450,2026-06-29T07:45:07.709383
experiments/transfer/b2a_oracle_mask_12_003_b2a_oracle_mask_12_seed456/checkpoints/best_tecno.pth,2018a0b11508730270fc36386c95423a,1620450,2026-06-29T07:45:33.373218
experiments/transfer/b2a_oracle_mask_13_001_b2a_oracle_mask_13_seed42/checkpoints/best_tecno.pth,63cefbd7d9901f861eee23dcf29cf673,1620450,2026-06-29T07:44:42.813542
experiments/transfer/b2a_oracle_mask_13_002_b2a_oracle_mask_13_seed123/checkpoints/best_tecno.pth,7e2ad839f5468d87047149adb79244c5,1620450,2026-06-29T07:45:08.429379
experiments/transfer/b2a_oracle_mask_13_003_b2a_oracle_mask_13_seed456/checkpoints/best_tecno.pth,18d97a454aff7abaf0ca2170dc3997b8,1620450,2026-06-29T07:45:32.133226
experiments/transfer/b2a_oracle_mask_14_001_b2a_oracle_mask_14_seed42/checkpoints/best_tecno.pth,9f4bc8dbb2a9ac6086b95d07433b3076,1620450,2026-06-29T07:45:58.213056
experiments/transfer/b2a_oracle_mask_14_002_b2a_oracle_mask_14_seed123/checkpoints/best_tecno.pth,3cb01dce035fb456f080f1099e7642c1,1620450,2026-06-29T07:46:24.896881
experiments/transfer/b2a_oracle_mask_14_003_b2a_oracle_mask_14_seed456/checkpoints/best_tecno.pth,edec316f03bc6111ea2c082e13a842e7,1620450,2026-06-29T07:46:49.648718
experiments/transfer/b2a_oracle_mask_top3_joint_001_b2a_oracle_mask_top3_joint_seed123/checkpoints/best_tecno.pth,2b2099bf856ebd0a140fd4070a26ad92,1620450,2026-06-29T06:32:44.606348
experiments/transfer/b2a_oracle_mask_top3_joint_002_b2a_oracle_mask_top3_joint_seed42/checkpoints/best_tecno.pth,ee0e652c4da663b6e5c3b9486bc51891,1620450,2026-06-29T06:32:45.698338
experiments/transfer/b2a_oracle_mask_top3_joint_003_b2a_oracle_mask_top3_joint_seed456/checkpoints/best_tecno.pth,a14738bca4b9105a8f77b45570e03c66,1620450,2026-06-29T06:33:09.586132
experiments/transfer/b2a_regiononly_mask_00_001_b2a_regiononly_mask_00_seed42/checkpoints/best_tecno.pth,d3fb74c82cf1e2b7e9f9875c67ebacae,1096162,2026-06-29T07:43:25.982023
experiments/transfer/b2a_regiononly_mask_00_002_b2a_regiononly_mask_00_seed123/checkpoints/best_tecno.pth,33b64234bd0aa2b61ebdacf4a288ad81,1096162,2026-06-29T07:43:51.073868
experiments/transfer/b2a_regiononly_mask_00_003_b2a_regiononly_mask_00_seed456/checkpoints/best_tecno.pth,a9043e71a8014a50c025fca5b6cd0836,1096162,2026-06-29T07:44:16.497709
experiments/transfer/b2a_regiononly_mask_01_001_b2a_regiononly_mask_01_seed42/checkpoints/best_tecno.pth,136d86acae0b4e10f1f8eaf92bddcec0,1096162,2026-06-29T07:43:28.746006
experiments/transfer/b2a_regiononly_mask_01_002_b2a_regiononly_mask_01_seed123/checkpoints/best_tecno.pth,e725bc71c96d066cf23ada82291d2182,1096162,2026-06-29T07:43:50.553871
experiments/transfer/b2a_regiononly_mask_01_003_b2a_regiononly_mask_01_seed456/checkpoints/best_tecno.pth,93674fbbc40ac0612567718de1008ba7,1096162,2026-06-29T07:44:18.449696
experiments/transfer/b2a_regiononly_mask_02_001_b2a_regiononly_mask_02_seed42/checkpoints/best_tecno.pth,0b69548ebfcbc5370bfd4f858a55d85a,1096162,2026-06-29T07:44:48.061509
experiments/transfer/b2a_regiononly_mask_02_002_b2a_regiononly_mask_02_seed123/checkpoints/best_tecno.pth,9cca85dc41d8a499e9a83ac115f456a2,1096162,2026-06-29T07:45:15.029336
experiments/transfer/b2a_regiononly_mask_02_003_b2a_regiononly_mask_02_seed456/checkpoints/best_tecno.pth,e5bb1077949b7dec69ef645b7500928f,1096162,2026-06-29T07:45:43.829150
experiments/transfer/b2a_regiononly_mask_03_001_b2a_regiononly_mask_03_seed42/checkpoints/best_tecno.pth,07dc23a281e350860b17111f7fb46fb0,1096162,2026-06-29T07:44:49.277501
experiments/transfer/b2a_regiononly_mask_03_002_b2a_regiononly_mask_03_seed123/checkpoints/best_tecno.pth,70234388ec082df47892d1263dbcac00,1096162,2026-06-29T07:45:18.001317
experiments/transfer/b2a_regiononly_mask_03_003_b2a_regiononly_mask_03_seed456/checkpoints/best_tecno.pth,31b56d2d052f525c41c71bcdc24ff3b8,1096162,2026-06-29T07:45:42.905156
experiments/transfer/b2a_regiononly_mask_04_001_b2a_regiononly_mask_04_seed42/checkpoints/best_tecno.pth,07a9ac2ecaffb2b718373eb036b04f20,1096162,2026-06-29T07:46:10.756974
experiments/transfer/b2a_regiononly_mask_04_002_b2a_regiononly_mask_04_seed123/checkpoints/best_tecno.pth,eedf2709663a97c2208d1974d356d7c7,1096162,2026-06-29T07:46:34.256820
experiments/transfer/b2a_regiononly_mask_04_003_b2a_regiononly_mask_04_seed456/checkpoints/best_tecno.pth,5b31ce5e91f6fb8f2ea98baba9fb726c,1096162,2026-06-29T07:47:02.828630
experiments/transfer/b2a_regiononly_mask_05_001_b2a_regiononly_mask_05_seed42/checkpoints/best_tecno.pth,f5ae9a5e9b0655d5c5583b7feeabc5e2,1096162,2026-06-29T07:46:09.852980
experiments/transfer/b2a_regiononly_mask_05_002_b2a_regiononly_mask_05_seed123/checkpoints/best_tecno.pth,f9ea224d0f705f48f34538a441a46479,1096162,2026-06-29T07:46:31.748836
experiments/transfer/b2a_regiononly_mask_05_003_b2a_regiononly_mask_05_seed456/checkpoints/best_tecno.pth,57b5506f39d2d6150ea9fa573689b50a,1096162,2026-06-29T07:47:04.132622
experiments/transfer/b2a_regiononly_mask_06_001_b2a_regiononly_mask_06_seed42/checkpoints/best_tecno.pth,76645de8c6cc3d7d75669c1c1fe0cac2,1096162,2026-06-29T07:47:29.236454
experiments/transfer/b2a_regiononly_mask_06_002_b2a_regiononly_mask_06_seed123/checkpoints/best_tecno.pth,67e87ec5ed021152a92c7f796e2d0e2f,1096162,2026-06-29T07:47:49.684317
experiments/transfer/b2a_regiononly_mask_06_003_b2a_regiononly_mask_06_seed456/checkpoints/best_tecno.pth,f3499f1e33273f2ee8e09dae5d4f65da,1096162,2026-06-29T07:48:23.348090
experiments/transfer/b2a_regiononly_mask_07_001_b2a_regiononly_mask_07_seed42/checkpoints/best_tecno.pth,895a968d4c2b27c57866530f0436a2dc,1096162,2026-06-29T07:47:32.332433
experiments/transfer/b2a_regiononly_mask_07_002_b2a_regiononly_mask_07_seed123/checkpoints/best_tecno.pth,6b574fb5d17be9ad00b731ca9b970068,1096162,2026-06-29T07:47:52.996295
experiments/transfer/b2a_regiononly_mask_07_003_b2a_regiononly_mask_07_seed456/checkpoints/best_tecno.pth,b1a2929a8eb98012275f4e025269151e,1096162,2026-06-29T07:48:25.508075
experiments/transfer/b2a_regiononly_mask_08_001_b2a_regiononly_mask_08_seed42/checkpoints/best_tecno.pth,cbdbc900762ebe09eeaed56e7f91e21c,1096162,2026-06-29T07:48:51.723897
experiments/transfer/b2a_regiononly_mask_08_002_b2a_regiononly_mask_08_seed123/checkpoints/best_tecno.pth,352833ec06673b4160497874255ee9a6,1096162,2026-06-29T07:49:17.471720
experiments/transfer/b2a_regiononly_mask_08_003_b2a_regiononly_mask_08_seed456/checkpoints/best_tecno.pth,efb7913f60c95967a4015774b60905dd,1096162,2026-06-29T07:49:40.611561
experiments/transfer/b2a_regiononly_mask_09_001_b2a_regiononly_mask_09_seed42/checkpoints/best_tecno.pth,db3b0a2b9c32abdfb3dc523a4235f07e,1096162,2026-06-29T07:48:50.171907
experiments/transfer/b2a_regiononly_mask_09_002_b2a_regiononly_mask_09_seed123/checkpoints/best_tecno.pth,9c22b0557acbe0c93c1b6002d2c2d5e8,1096162,2026-06-29T07:49:15.247736
experiments/transfer/b2a_regiononly_mask_09_003_b2a_regiononly_mask_09_seed456/checkpoints/best_tecno.pth,37e5ea36cc64c042bbb87afbeeef35e8,1096162,2026-06-29T07:49:38.951573
experiments/transfer/b2a_regiononly_mask_10_001_b2a_regiononly_mask_10_seed42/checkpoints/best_tecno.pth,711a2db923ea33f3c6b289bdf43e8248,1096162,2026-06-29T07:50:08.059371
experiments/transfer/b2a_regiononly_mask_10_002_b2a_regiononly_mask_10_seed123/checkpoints/best_tecno.pth,28177f91d5bfd94e87ca20de46f49b99,1096162,2026-06-29T07:50:33.939192
experiments/transfer/b2a_regiononly_mask_10_003_b2a_regiononly_mask_10_seed456/checkpoints/best_tecno.pth,ab22342d3c4b8944f9a55375e9e3c66b,1096162,2026-06-29T07:50:54.843046
experiments/transfer/b2a_regiononly_mask_11_001_b2a_regiononly_mask_11_seed42/checkpoints/best_tecno.pth,9ab5578e17f82c63bb51387337c43b85,1096162,2026-06-29T07:50:07.287377
experiments/transfer/b2a_regiononly_mask_11_002_b2a_regiononly_mask_11_seed123/checkpoints/best_tecno.pth,805f81b2b0e97474bffd6f94990fd36a,1096162,2026-06-29T07:50:35.543181
experiments/transfer/b2a_regiononly_mask_11_003_b2a_regiononly_mask_11_seed456/checkpoints/best_tecno.pth,77d9e6365387c574a7f632c3fbada3f7,1096162,2026-06-29T07:50:56.351036
experiments/transfer/b2a_regiononly_mask_12_001_b2a_regiononly_mask_12_seed42/checkpoints/best_tecno.pth,3be1e562fad29f33f6c9d30244412782,1096162,2026-06-29T07:51:25.250225
experiments/transfer/b2a_regiononly_mask_12_002_b2a_regiononly_mask_12_seed123/checkpoints/best_tecno.pth,684e61f46cfc5718273f7f488e15a861,1096162,2026-06-29T07:51:49.205545
experiments/transfer/b2a_regiononly_mask_12_003_b2a_regiononly_mask_12_seed456/checkpoints/best_tecno.pth,35bf73f5d2d9c6f96992594a1f4c9da8,1096162,2026-06-29T07:52:15.348826
experiments/transfer/b2a_regiononly_mask_13_001_b2a_regiononly_mask_13_seed42/checkpoints/best_tecno.pth,d24f389379f3207a0a87ef3522cd36d1,1096162,2026-06-29T07:51:25.102229
experiments/transfer/b2a_regiononly_mask_13_002_b2a_regiononly_mask_13_seed123/checkpoints/best_tecno.pth,ce0827b100a07c2718bf3cef131e52d8,1096162,2026-06-29T07:51:48.841556
experiments/transfer/b2a_regiononly_mask_13_003_b2a_regiononly_mask_13_seed456/checkpoints/best_tecno.pth,07383929995f00d99d943c8990987f17,1096162,2026-06-29T07:52:19.660709
experiments/transfer/b2a_regiononly_mask_14_001_b2a_regiononly_mask_14_seed42/checkpoints/best_tecno.pth,ece842b94bc44405b742922a3a0b15fd,1096162,2026-06-29T07:52:48.303949
experiments/transfer/b2a_regiononly_mask_14_002_b2a_regiononly_mask_14_seed123/checkpoints/best_tecno.pth,0894b389dec351bec4e2bd7c17286107,1096162,2026-06-29T07:53:14.875266
experiments/transfer/b2a_regiononly_mask_14_003_b2a_regiononly_mask_14_seed456/checkpoints/best_tecno.pth,96577883ccd2a05812dde5d997b6838e,1096162,2026-06-29T07:53:44.802519
experiments/transfer/b2a_regiononly_oracle_001_b2a_regiononly_oracle_seed42/checkpoints/best_tecno.pth,e131f6ac693ffde28eda581710cde9d3,1096162,2026-06-29T07:38:54.683574
experiments/transfer/b2a_regiononly_oracle_002_b2a_regiononly_oracle_seed123/checkpoints/best_tecno.pth,a9376fb9ab4038f4dbee981f56bf012f,1096162,2026-06-29T07:39:15.599465
experiments/transfer/b2a_regiononly_oracle_003_b2a_regiononly_oracle_seed456/checkpoints/best_tecno.pth,791d3cdead07bc06a2b898554ebd02fc,1096162,2026-06-29T07:39:44.963308
experiments/transfer/b2a_regiononly_oracle_mask_top3_001_b2a_regiononly_oracle_mask_top3_seed42/checkpoints/best_tecno.pth,a2879af078300e1148b527e31228d1a0,1096162,2026-06-29T07:50:31.487209
experiments/transfer/b2a_regiononly_oracle_mask_top3_002_b2a_regiononly_oracle_mask_top3_seed123/checkpoints/best_tecno.pth,b3476d9e9a1dadcc534b1dc6df2e6ede,1096162,2026-06-29T07:50:32.555202
experiments/transfer/b2a_regiononly_oracle_mask_top3_003_b2a_regiononly_oracle_mask_top3_seed456/checkpoints/best_tecno.pth,14f05cb80328ce03f71aec6b0cfc5fc6,1096162,2026-06-29T07:50:57.491027
experiments/transfer/b2a_regiononly_pred_001_b2a_regiononly_pred_seed42/checkpoints/best_tecno.pth,ad068de89ec47c86828ddab7ef370d77,1096162,2026-06-29T07:38:51.643590
experiments/transfer/b2a_regiononly_pred_002_b2a_regiononly_pred_seed123/checkpoints/best_tecno.pth,ebe7dcf9bdbcc3b7e75996be363f7f67,1096162,2026-06-29T07:39:17.431455
experiments/transfer/b2a_regiononly_pred_003_b2a_regiononly_pred_seed456/checkpoints/best_tecno.pth,e05b0321804b9aef4052d3dba2959fc1,1096162,2026-06-29T07:39:47.395295
experiments/transfer/b2a_ro_oracle_bipolarnoise_p010_001_b2a_ro_oracle_bipolarnoise_p010_seed42/checkpoints/best_tecno.pth,2b659c2645b9bb0b8047a4362a9b4a6b,1096162,2026-06-29T17:10:00.636367
experiments/transfer/b2a_ro_oracle_bipolarnoise_p010_002_b2a_ro_oracle_bipolarnoise_p010_seed123/checkpoints/best_tecno.pth,185b5340166349257b37a20b473f993e,1096162,2026-06-29T17:10:30.180355
experiments/transfer/b2a_ro_oracle_bipolarnoise_p010_003_b2a_ro_oracle_bipolarnoise_p010_seed456/checkpoints/best_tecno.pth,9dacab72f6a2f373a48e94dde2280f13,1096162,2026-06-29T17:11:01.012333
experiments/transfer/b2a_ro_oracle_bipolarnoise_p020_001_b2a_ro_oracle_bipolarnoise_p020_seed42/checkpoints/best_tecno.pth,f24752a25c92f3670455c7ab06fd2336,1096162,2026-06-29T17:11:22.996311
experiments/transfer/b2a_ro_oracle_bipolarnoise_p020_002_b2a_ro_oracle_bipolarnoise_p020_seed123/checkpoints/best_tecno.pth,0e48a5f780f1cd842364b848fe6effa2,1096162,2026-06-29T17:11:53.532273
experiments/transfer/b2a_ro_oracle_bipolarnoise_p020_003_b2a_ro_oracle_bipolarnoise_p020_seed456/checkpoints/best_tecno.pth,6860135e5a0a22b26b8076880279d727,1096162,2026-06-29T17:12:20.852232
experiments/transfer/b2a_ro_oracle_bipolarnoise_p030_001_b2a_ro_oracle_bipolarnoise_p030_seed42/checkpoints/best_tecno.pth,4b7e15c37a4fb6468ef24199d95c8720,1096162,2026-06-29T17:12:44.388192
experiments/transfer/b2a_ro_oracle_bipolarnoise_p030_002_b2a_ro_oracle_bipolarnoise_p030_seed123/checkpoints/best_tecno.pth,7e46e6dce538a1e01449101abaae13c1,1096162,2026-06-29T17:13:14.612134
experiments/transfer/b2a_ro_oracle_bipolarnoise_p030_003_b2a_ro_oracle_bipolarnoise_p030_seed456/checkpoints/best_tecno.pth,4dc959b6a5aec4d21a083f4b4242949c,1096162,2026-06-29T17:13:48.828059
experiments/transfer/b2a_ro_oracle_bsnoise_p010_001_b2a_ro_oracle_bsnoise_p010_seed42/checkpoints/best_tecno.pth,69c5ac3b71f3d3708404846c2207db69,1096162,2026-06-29T17:24:04.773690
experiments/transfer/b2a_ro_oracle_bsnoise_p010_002_b2a_ro_oracle_bsnoise_p010_seed123/checkpoints/best_tecno.pth,0d5e528e41ddc9c60055c20127d2299a,1096162,2026-06-29T17:24:28.117575
experiments/transfer/b2a_ro_oracle_bsnoise_p010_003_b2a_ro_oracle_bsnoise_p010_seed456/checkpoints/best_tecno.pth,4b2466c3a28c833cef25664e105dabb1,1096162,2026-06-29T17:25:02.653404
experiments/transfer/b2a_ro_oracle_bsnoise_p020_001_b2a_ro_oracle_bsnoise_p020_seed42/checkpoints/best_tecno.pth,181fe652367eb8df43d861d4a0823d18,1096162,2026-06-29T17:25:29.361270
experiments/transfer/b2a_ro_oracle_bsnoise_p020_002_b2a_ro_oracle_bsnoise_p020_seed123/checkpoints/best_tecno.pth,f9cc117c6129745d3acc7ba0a7568e59,1096162,2026-06-29T17:25:58.085124
experiments/transfer/b2a_ro_oracle_bsnoise_p020_003_b2a_ro_oracle_bsnoise_p020_seed456/checkpoints/best_tecno.pth,051f071f56722befed857dbcf7395ad6,1096162,2026-06-29T17:26:20.789008
experiments/transfer/b2a_ro_oracle_bsnoise_p030_001_b2a_ro_oracle_bsnoise_p030_seed42/checkpoints/best_tecno.pth,476d0e1ac263afdb426dea79144a0a13,1096162,2026-06-29T17:26:44.800884
experiments/transfer/b2a_ro_oracle_bsnoise_p030_002_b2a_ro_oracle_bsnoise_p030_seed123/checkpoints/best_tecno.pth,57aa0288bb298d447e8b6beb9fe10683,1096162,2026-06-29T17:27:10.880748
experiments/transfer/b2a_ro_oracle_bsnoise_p030_003_b2a_ro_oracle_bsnoise_p030_seed456/checkpoints/best_tecno.pth,d501e02343ddfd82602b9e9fffe15e32,1096162,2026-06-29T17:27:47.312557
experiments/transfer/b2a_ro_oracle_nhnoise_p010_001_b2a_ro_oracle_nhnoise_p010_seed42/checkpoints/best_tecno.pth,eb2a76b29ad0092dae34bffe088133f6,1096162,2026-06-29T17:20:02.786797
experiments/transfer/b2a_ro_oracle_nhnoise_p010_002_b2a_ro_oracle_nhnoise_p010_seed123/checkpoints/best_tecno.pth,08353989202468e61a18a7533f4aa25d,1096162,2026-06-29T17:20:28.886686
experiments/transfer/b2a_ro_oracle_nhnoise_p010_003_b2a_ro_oracle_nhnoise_p010_seed456/checkpoints/best_tecno.pth,0fbf986281e08a6eb6ad327c029eed23,1096162,2026-06-29T17:20:53.402579
experiments/transfer/b2a_ro_oracle_nhnoise_p020_001_b2a_ro_oracle_nhnoise_p020_seed42/checkpoints/best_tecno.pth,eac73bf9502d887d663fc05026c80c2e,1096162,2026-06-29T17:21:23.274447
experiments/transfer/b2a_ro_oracle_nhnoise_p020_002_b2a_ro_oracle_nhnoise_p020_seed123/checkpoints/best_tecno.pth,b3626bc42b56f4188d21f816f6b4ed02,1096162,2026-06-29T17:21:50.490324
experiments/transfer/b2a_ro_oracle_nhnoise_p020_003_b2a_ro_oracle_nhnoise_p020_seed456/checkpoints/best_tecno.pth,bcbeac1f6c72efca1af0f560df88b2cd,1096162,2026-06-29T17:22:13.722218
experiments/transfer/b2a_ro_oracle_nhnoise_p030_001_b2a_ro_oracle_nhnoise_p030_seed42/checkpoints/best_tecno.pth,6a8555839a045e493d80fd8d8ac0a929,1096162,2026-06-29T17:22:42.026086
experiments/transfer/b2a_ro_oracle_nhnoise_p030_002_b2a_ro_oracle_nhnoise_p030_seed123/checkpoints/best_tecno.pth,b7fd54c2a9c14ead4e9c6a1807faa4a5,1096162,2026-06-29T17:23:07.969964
experiments/transfer/b2a_ro_oracle_nhnoise_p030_003_b2a_ro_oracle_nhnoise_p030_seed456/checkpoints/best_tecno.pth,b01d8e027a36dce0cb06eed245e64a47,1096162,2026-06-29T17:23:35.061834
experiments/transfer/b2a_ro_oracle_noise000_001_b2a_ro_oracle_noise000_seed42/checkpoints/best_tecno.pth,1bf41dccbe8b6d36c3fd81d78f2cea15,1096162,2026-06-29T16:55:17.263858
experiments/transfer/b2a_ro_oracle_noise000_002_b2a_ro_oracle_noise000_seed123/checkpoints/best_tecno.pth,d12d6bba9c569b6faa1b57f2a16bf581,1096162,2026-06-29T16:55:46.275548
experiments/transfer/b2a_ro_oracle_noise000_003_b2a_ro_oracle_noise000_seed456/checkpoints/best_tecno.pth,075429b3525560ecdfc2b7df61427b2e,1096162,2026-06-29T16:56:11.491279
experiments/transfer/b2a_ro_oracle_noise000_004_b2a_ro_oracle_noise000_seed42/checkpoints/best_tecno.pth,9f4df8b250931c60606a82b2ce5ed30b,1096162,2026-06-29T16:56:40.058973
experiments/transfer/b2a_ro_oracle_noise000_005_b2a_ro_oracle_noise000_seed123/checkpoints/best_tecno.pth,89a82ed45a9484ce2f0a7fcee01f1ae9,1096162,2026-06-29T16:57:06.334692
experiments/transfer/b2a_ro_oracle_noise000_006_b2a_ro_oracle_noise000_seed456/checkpoints/best_tecno.pth,bd2cb45859476425292c6c4c61857610,1096162,2026-06-29T16:57:33.443110
experiments/transfer/b2a_ro_oracle_noise000_007_b2a_ro_oracle_noise000_seed42/checkpoints/best_tecno.pth,5265512690f7f88de840f1ef0860f895,1096162,2026-06-29T16:58:03.615655
experiments/transfer/b2a_ro_oracle_noise000_008_b2a_ro_oracle_noise000_seed123/checkpoints/best_tecno.pth,e69389bda29a4db9ba66fb1fbb32704e,1096162,2026-06-29T16:58:27.992065
experiments/transfer/b2a_ro_oracle_noise000_009_b2a_ro_oracle_noise000_seed456/checkpoints/best_tecno.pth,52e33aeb0cccf26db54931bfcb70aa9f,1096162,2026-06-29T16:59:04.448630
experiments/transfer/b2a_ro_oracle_noise000_010_b2a_ro_oracle_noise000_seed42/checkpoints/best_tecno.pth,5deaf9f7528779f1ca46ce645d849e5b,1096162,2026-06-29T16:59:35.569070
experiments/transfer/b2a_ro_oracle_noise000_011_b2a_ro_oracle_noise000_seed123/checkpoints/best_tecno.pth,612b84e5e628fa65809c8a2a4b34f56c,1096162,2026-06-29T16:59:57.585358
experiments/transfer/b2a_ro_oracle_noise000_012_b2a_ro_oracle_noise000_seed456/checkpoints/best_tecno.pth,c23c6c434b12358dbf70e176466fc2b1,1096162,2026-06-29T17:00:24.873692
experiments/transfer/b2a_ro_oracle_scalpelnoise_p010_001_b2a_ro_oracle_scalpelnoise_p010_seed42/checkpoints/best_tecno.pth,76a94c3806067766fb5cb4c09f847eb2,1096162,2026-06-29T17:14:10.876006
experiments/transfer/b2a_ro_oracle_scalpelnoise_p010_002_b2a_ro_oracle_scalpelnoise_p010_seed123/checkpoints/best_tecno.pth,c0af421d0b17e657da312b74e1071dff,1096162,2026-06-29T17:14:41.319928
experiments/transfer/b2a_ro_oracle_scalpelnoise_p010_003_b2a_ro_oracle_scalpelnoise_p010_seed456/checkpoints/best_tecno.pth,b28ae2f4a6899c1788aac555acdc575b,1096162,2026-06-29T17:15:10.111849
experiments/transfer/b2a_ro_oracle_scalpelnoise_p020_001_b2a_ro_oracle_scalpelnoise_p020_seed42/checkpoints/best_tecno.pth,c0841b416b880044dc8659094ac65e26,1096162,2026-06-29T17:15:36.523772
experiments/transfer/b2a_ro_oracle_scalpelnoise_p020_002_b2a_ro_oracle_scalpelnoise_p020_seed123/checkpoints/best_tecno.pth,3b265b4631143b3e8e4428845cb4f68f,1096162,2026-06-29T17:15:58.967703
experiments/transfer/b2a_ro_oracle_scalpelnoise_p020_003_b2a_ro_oracle_scalpelnoise_p020_seed456/checkpoints/best_tecno.pth,c2a59cf2431a0ed0e79f94ccd93e03d8,1096162,2026-06-29T17:16:32.315595
experiments/transfer/b2a_ro_oracle_scalpelnoise_p030_001_b2a_ro_oracle_scalpelnoise_p030_seed42/checkpoints/best_tecno.pth,843e8ea9d82da86249c65fe0ac3e09ee,1096162,2026-06-29T17:16:55.019519
experiments/transfer/b2a_ro_oracle_scalpelnoise_p030_002_b2a_ro_oracle_scalpelnoise_p030_seed123/checkpoints/best_tecno.pth,6e909f2af4128cc55c0ee470d6805f33,1096162,2026-06-29T17:17:21.683426
experiments/transfer/b2a_ro_oracle_scalpelnoise_p030_003_b2a_ro_oracle_scalpelnoise_p030_seed456/checkpoints/best_tecno.pth,09532df399f78f53ba4ebc6cb75be5c4,1096162,2026-06-29T17:17:52.787313
experiments/transfer/b2a_ro_oracle_top3noise_p010_001_b2a_ro_oracle_top3noise_p010_seed42/checkpoints/best_tecno.pth,e0c8ad11a5938e5de9f75245e3fa6744,1096162,2026-06-29T17:04:26.127655
experiments/transfer/b2a_ro_oracle_top3noise_p010_002_b2a_ro_oracle_top3noise_p010_seed123/checkpoints/best_tecno.pth,fbd3700db46501a0a78085a2e1f0d3c5,1096162,2026-06-29T17:04:56.979801
experiments/transfer/b2a_ro_oracle_top3noise_p010_003_b2a_ro_oracle_top3noise_p010_seed456/checkpoints/best_tecno.pth,86b4825f183a3f13e42543297cd9e04f,1096162,2026-06-29T17:05:18.463892
experiments/transfer/b2a_ro_oracle_top3noise_p020_001_b2a_ro_oracle_top3noise_p020_seed42/checkpoints/best_tecno.pth,94d5a80e1207ee9fbaf063b3496a95a6,1096162,2026-06-29T17:05:48.604003
experiments/transfer/b2a_ro_oracle_top3noise_p020_002_b2a_ro_oracle_top3noise_p020_seed123/checkpoints/best_tecno.pth,f058328ad0bdfe1eab5c5322856c21f8,1096162,2026-06-29T17:06:14.596086
experiments/transfer/b2a_ro_oracle_top3noise_p020_003_b2a_ro_oracle_top3noise_p020_seed456/checkpoints/best_tecno.pth,a89de105b0bac192558706751a95c898,1096162,2026-06-29T17:06:42.240161
experiments/transfer/b2a_ro_oracle_top3noise_p030_001_b2a_ro_oracle_top3noise_p030_seed42/checkpoints/best_tecno.pth,fa8be4f0d687cd906192dec9823acf07,1096162,2026-06-29T17:07:08.368220
experiments/transfer/b2a_ro_oracle_top3noise_p030_002_b2a_ro_oracle_top3noise_p030_seed123/checkpoints/best_tecno.pth,b6a4d7681337ed8b34987c231338cdeb,1096162,2026-06-29T17:07:32.988266
experiments/transfer/b2a_ro_oracle_top3noise_p030_003_b2a_ro_oracle_top3noise_p030_seed456/checkpoints/best_tecno.pth,e111702dcdc2b2bdb90b089551e2678b,1096162,2026-06-29T17:08:02.552310
experiments/transfer/haux_hand_count_oracle_001_haux_hand_count_oracle_seed42/checkpoints/best_tecno.pth,aa6e81b42f7d02ad283a3d334614b872,1618091,2026-07-02T07:23:01.746864
experiments/transfer/haux_hand_count_oracle_002_haux_hand_count_oracle_seed123/checkpoints/best_tecno.pth,4987caee5269e3709c63fab71d0a789c,1618091,2026-07-02T07:23:02.790853
experiments/transfer/haux_hand_count_oracle_003_haux_hand_count_oracle_seed456/checkpoints/best_tecno.pth,27b385229ff31c847d3c80cd74adf6c2,1618091,2026-07-02T07:23:22.110663
experiments/transfer/haux_hand_geom_oracle_001_haux_hand_geom_oracle_seed42/checkpoints/best_tecno.pth,373fbe94785501bb99a68daa8a588205,1621163,2026-07-02T07:23:27.474610
experiments/transfer/haux_hand_geom_oracle_002_haux_hand_geom_oracle_seed123/checkpoints/best_tecno.pth,c981ba6c939551d245a4615deaa4bbc6,1621163,2026-07-02T07:23:50.130387
experiments/transfer/haux_hand_geom_oracle_003_haux_hand_geom_oracle_seed456/checkpoints/best_tecno.pth,a5de6047e3550e8c9f377e692c811f44,1621163,2026-07-02T07:23:53.526354
experiments/transfer/haux_hand_own_other_oracle_001_haux_hand_own_other_oracle_seed42/checkpoints/best_tecno.pth,526fb124d5fb4ffd8dd7fe2df7160d0e,1623147,2026-07-02T07:24:12.794164
experiments/transfer/haux_hand_own_other_oracle_002_haux_hand_own_other_oracle_seed123/checkpoints/best_tecno.pth,16fd5d892fa47e3c2d8a59b225d2bcd2,1623147,2026-07-02T07:24:20.102092
experiments/transfer/haux_hand_own_other_oracle_003_haux_hand_own_other_oracle_seed456/checkpoints/best_tecno.pth,dee7708baef53d722010b26474bfcc07,1623147,2026-07-02T07:24:35.165944
experiments/transfer/haux_hand_presence_oracle_001_haux_hand_presence_oracle_seed42/checkpoints/best_tecno.pth,ea91796f25ef5fb8a6a9f55440731618,1618091,2026-07-02T07:20:07.128585
experiments/transfer/haux_hand_presence_oracle_002_haux_hand_presence_oracle_seed123/checkpoints/best_tecno.pth,d1a27993d616b76fe3f95f996f5e4e8c,1618091,2026-07-02T07:20:28.632373
experiments/transfer/haux_hand_presence_oracle_003_haux_hand_presence_oracle_seed456/checkpoints/best_tecno.pth,7230d75b15c8997894d05d4e23f1f1b7,1618091,2026-07-02T07:20:32.092339
experiments/transfer/haux_hand_presence_oracle_shuffle_001_haux_hand_presence_oracle_shuffle_seed42/checkpoints/best_tecno.pth,bf093a2bf14ad38c9a8f516004e7089a,1618091,2026-07-02T07:25:29.005414
experiments/transfer/haux_hand_presence_oracle_shuffle_002_haux_hand_presence_oracle_shuffle_seed123/checkpoints/best_tecno.pth,2b321c82d0e39b4d02a6131a3fe9c110,1618091,2026-07-02T07:25:32.733377
experiments/transfer/haux_hand_presence_oracle_shuffle_003_haux_hand_presence_oracle_shuffle_seed456/checkpoints/best_tecno.pth,d6689cfab5fae6fe699dd9296be8d8e0,1618091,2026-07-02T07:25:49.921208
experiments/transfer/haux_hand_presence_oracle_withtooloracle_001_haux_hand_presence_oracle_withtooloracle_seed42/checkpoints/best_tecno.pth,06476378ba0f7be09947977a6245b14a,1621931,2026-07-02T07:24:42.901868
experiments/transfer/haux_hand_presence_oracle_withtooloracle_002_haux_hand_presence_oracle_withtooloracle_seed123/checkpoints/best_tecno.pth,2583b13a779c324f9c6771457a96f8b6,1621931,2026-07-02T07:25:04.301657
experiments/transfer/haux_hand_presence_oracle_withtooloracle_003_haux_hand_presence_oracle_withtooloracle_seed456/checkpoints/best_tecno.pth,94a4505331b4468285164b26cada305b,1621931,2026-07-02T07:25:07.493626
experiments/transfer/hires_relation_detr_augstrong_hires_seed42_p123_001_hires_relation_detr_augstrong_hires_seed42_p123_seed123/checkpoints/best_tecno.pth,d6bcac338389a3a1ec145afe013336a1,2599211,2026-07-04T07:17:44.422036
experiments/transfer/hires_relation_detr_augstrong_hires_seed42_p42_001_hires_relation_detr_augstrong_hires_seed42_p42_seed42/checkpoints/best_tecno.pth,67f9c30ca74e6c54fc8a2c436e18006f,2599211,2026-07-04T07:16:23.714089
experiments/transfer/hires_relation_detr_augstrong_hires_seed42_p456_001_hires_relation_detr_augstrong_hires_seed42_p456_seed456/checkpoints/best_tecno.pth,f56c68849a3d0136bbe2adcfbcbd1c39,2599211,2026-07-04T07:18:44.541990
experiments/transfer/hires_relation_detr_augstrong_seed42_p123_001_hires_relation_detr_augstrong_seed42_p123_seed123/checkpoints/best_tecno.pth,06c712afaa614bbf1ee4b81b3090ef63,2599211,2026-07-04T07:14:04.362149
experiments/transfer/hires_relation_detr_augstrong_seed42_p42_001_hires_relation_detr_augstrong_seed42_p42_seed42/checkpoints/best_tecno.pth,0066c7c704fcca8fb75b4c33cec357a7,2599211,2026-07-04T07:12:59.482160
experiments/transfer/hires_relation_detr_augstrong_seed42_p456_001_hires_relation_detr_augstrong_seed42_p456_seed456/checkpoints/best_tecno.pth,a9aca5a701bc7ace05b031b4d7b210d5,2599211,2026-07-04T07:15:15.650124
experiments/transfer/hires_relation_detr_seed42_p123_001_hires_relation_detr_seed42_p123_seed123/checkpoints/best_tecno.pth,4cb1ca33fb9ce0b89b3bf9bc9ece8787,2599211,2026-07-04T07:10:49.298143
experiments/transfer/hires_relation_detr_seed42_p42_001_hires_relation_detr_seed42_p42_seed42/checkpoints/best_tecno.pth,2f85db1009a240fe830d3030e7ffdc77,2599211,2026-07-04T07:09:42.270111
experiments/transfer/hires_relation_detr_seed42_p456_001_hires_relation_detr_seed42_p456_seed456/checkpoints/best_tecno.pth,1eccaffc95e14fe5ab22f634936f6d93,2599211,2026-07-04T07:11:59.566159
experiments/transfer/t1a_3seed_det123_p123_aug_001_t1a_3seed_det123_p123_aug_seed123/checkpoints/best_tecno.pth,9070586e7bc16c89c25361d151ef9375,2599211,2026-07-03T10:21:24.079952
experiments/transfer/t1a_3seed_det123_p123_frozen_001_t1a_3seed_det123_p123_frozen_seed123/checkpoints/best_tecno.pth,011c37fed5ebfdd587338488c554607c,2599211,2026-07-03T10:21:04.480063
experiments/transfer/t1a_3seed_det123_p42_aug_001_t1a_3seed_det123_p42_aug_seed42/checkpoints/best_tecno.pth,6f39059ce578541d74fe747f6fc28359,2599211,2026-07-03T10:19:07.504712
experiments/transfer/t1a_3seed_det123_p42_frozen_001_t1a_3seed_det123_p42_frozen_seed42/checkpoints/best_tecno.pth,12cddb7e9776db1b1e15883763840afb,2599211,2026-07-03T10:18:39.212782
experiments/transfer/t1a_3seed_det123_p456_aug_001_t1a_3seed_det123_p456_aug_seed456/checkpoints/best_tecno.pth,f4794cc42cec486e959d2ac03a478fb4,2599211,2026-07-03T10:23:47.263200
experiments/transfer/t1a_3seed_det123_p456_frozen_001_t1a_3seed_det123_p456_frozen_seed456/checkpoints/best_tecno.pth,3d506c3880de7370c5feb43c4ba013ca,2599211,2026-07-03T10:23:21.219330
experiments/transfer/t1a_3seed_det42_aug_001_t1a_3seed_det42_aug_seed42/checkpoints/best_tecno.pth,f30c8cbe9e5cc41a9116cb10bf0d5dad,2599211,2026-07-03T01:55:01.769988
experiments/transfer/t1a_3seed_det42_frozen_001_t1a_3seed_det42_frozen_seed42/checkpoints/best_tecno.pth,bff589cf5ba38be1d219862d35f25fa2,2599211,2026-07-03T01:54:49.069989
experiments/transfer/t1a_3seed_det42_p123_aug_001_t1a_3seed_det42_p123_aug_seed123/checkpoints/best_tecno.pth,92ac25b22e2c6c3c9ffb1505926660e2,2599211,2026-07-03T02:06:21.097045
experiments/transfer/t1a_3seed_det42_p123_frozen_001_t1a_3seed_det42_p123_frozen_seed123/checkpoints/best_tecno.pth,2d3a95f896e02fd92f12b261ea521e03,2599211,2026-07-03T02:05:58.785094
experiments/transfer/t1a_3seed_det42_p42_aug_001_t1a_3seed_det42_p42_aug_seed42/checkpoints/best_tecno.pth,ded4c2eea1cb9a1eea5b11c45e7d14ec,2599211,2026-07-03T02:04:03.169335
experiments/transfer/t1a_3seed_det42_p42_frozen_001_t1a_3seed_det42_p42_frozen_seed42/checkpoints/best_tecno.pth,bd275f578c750dcdbfd0d9580e6ee565,2599211,2026-07-03T02:03:39.369382
experiments/transfer/t1a_3seed_det42_p456_aug_001_t1a_3seed_det42_p456_aug_seed456/checkpoints/best_tecno.pth,817ed7185fd82615c9ad6d90213ee4a8,2599211,2026-07-03T02:08:45.260712
experiments/transfer/t1a_3seed_det42_p456_frozen_001_t1a_3seed_det42_p456_frozen_seed456/checkpoints/best_tecno.pth,6bb51be2239beec5b41139a10123cd53,2599211,2026-07-03T02:08:22.012767
experiments/transfer/t1a_3seed_det456_p123_aug_001_t1a_3seed_det456_p123_aug_seed123/checkpoints/best_tecno.pth,1b1bf6079f935fef97329b995c8295ea,2599211,2026-07-03T18:30:46.518445
experiments/transfer/t1a_3seed_det456_p123_frozen_001_t1a_3seed_det456_p123_frozen_seed123/checkpoints/best_tecno.pth,3700e42f6183473c11b2f7e4c94ce334,2599211,2026-07-03T18:30:23.162764
experiments/transfer/t1a_3seed_det456_p42_aug_001_t1a_3seed_det456_p42_aug_seed42/checkpoints/best_tecno.pth,449df1f42ebb557678cb1e634a6dd9a3,2599211,2026-07-03T18:28:29.268429
experiments/transfer/t1a_3seed_det456_p42_frozen_001_t1a_3seed_det456_p42_frozen_seed42/checkpoints/best_tecno.pth,4c52d0f4b593cf7b0c6e4179b2d56a16,2599211,2026-07-03T18:28:07.348771
experiments/transfer/t1a_3seed_det456_p456_aug_001_t1a_3seed_det456_p456_aug_seed456/checkpoints/best_tecno.pth,2609a19c54bf965a1483d883f43d4ac4,2599211,2026-07-03T18:33:03.000701
experiments/transfer/t1a_3seed_det456_p456_frozen_001_t1a_3seed_det456_p456_frozen_seed456/checkpoints/best_tecno.pth,be3d735ccedcb99ea83ceea70515bed0,2599211,2026-07-03T18:32:39.568987
experiments/transfer/t1a_appearance_001_t1a_appearance_seed42/checkpoints/best_tecno.pth,f50448919d37808a2556209eb50b6c9c,2599211,2026-07-05T11:00:45.380669
experiments/transfer/t1a_appearance_002_t1a_appearance_seed123/checkpoints/best_tecno.pth,e27e64b8f019066ca522d9e464482948,2599211,2026-07-05T11:00:45.596668
experiments/transfer/t1a_appearance_003_t1a_appearance_seed456/checkpoints/best_tecno.pth,f5b1286a6f0245bbd82716b728fa7da0,2599211,2026-07-05T11:01:02.496623
experiments/transfer/t1a_b2a_combined_001_t1a_b2a_combined_seed42/checkpoints/best_tecno.pth,eef9699838ff8e69a372299a23dbd3a5,2603490,2026-06-29T05:36:53.221327
experiments/transfer/t1a_b2a_combined_002_t1a_b2a_combined_seed123/checkpoints/best_tecno.pth,117d8f19ed3bd7877585064242765861,2603490,2026-06-29T05:36:53.241326
experiments/transfer/t1a_b2a_combined_003_t1a_b2a_combined_seed456/checkpoints/best_tecno.pth,9a48079bf6a6cbf76678669703ae4c65,2603490,2026-06-29T05:37:22.868537
experiments/transfer/t1a_base_env_001_t1a_base_env_seed42/checkpoints/best_tecno.pth,6a3a1db2272f4f2e4ec2b16958d4556e,2599211,2026-07-02T11:55:47.185920
experiments/transfer/t1a_base_env_002_t1a_base_env_seed123/checkpoints/best_tecno.pth,99dace8b5e4decc7677161815284f03e,2599211,2026-07-02T11:56:08.773830
experiments/transfer/t1a_base_env_003_t1a_base_env_seed456/checkpoints/best_tecno.pth,03d0b7d1afa9719abe5e45ac13ededf0,2599211,2026-07-02T11:56:37.909708
experiments/transfer/t1a_base_test_001_t1a_base_test_seed42/checkpoints/best_tecno.pth,dce0f6e1ae2d5be2dd3ef14717d44b00,2599211,2026-07-05T10:39:44.617926
experiments/transfer/t1a_base_test_002_t1a_base_test_seed123/checkpoints/best_tecno.pth,34a8732f0621c4307c171e6648816b43,2599211,2026-07-05T10:40:13.321781
experiments/transfer/t1a_base_test_003_t1a_base_test_seed456/checkpoints/best_tecno.pth,bf8b3a2c1ed8f9ae9752ecf803f04043,2599211,2026-07-05T10:40:38.317655
experiments/transfer/t1a_boundary_001_t1a_boundary_seed42/checkpoints/best_tecno_boundary.pth,48690b794fe56add2b45ada1f22d4c69,2601239,2026-07-02T11:55:51.761901
experiments/transfer/t1a_boundary_002_t1a_boundary_seed123/checkpoints/best_tecno_boundary.pth,50e2fa8755957453ed9e87e89d75afde,2601239,2026-07-02T11:56:17.709793
experiments/transfer/t1a_boundary_003_t1a_boundary_seed456/checkpoints/best_tecno_boundary.pth,0df30ad9c1c1ac087490b96625e231c2,2601239,2026-07-02T11:56:44.861679
experiments/transfer/t1a_combined_oracle_001_t1a_combined_oracle_seed42/checkpoints/best_tecno.pth,ddf4ce05c435cd9775481ca14e3fedae,2603490,2026-06-29T07:37:28.140004
experiments/transfer/t1a_combined_oracle_002_t1a_combined_oracle_seed123/checkpoints/best_tecno.pth,e8a35aed5d4c1707121247a7cf1be7d8,2603490,2026-06-29T07:37:48.675906
experiments/transfer/t1a_combined_oracle_003_t1a_combined_oracle_seed456/checkpoints/best_tecno.pth,6d45586dc952f3b7331af4cb0b134377,2603490,2026-06-29T07:38:19.447754
experiments/transfer/t1a_combined_oracle_noise_p010_001_t1a_combined_oracle_noise_p010_seed42/checkpoints/best_tecno.pth,f7ab141692bb5d5ebe39759508a051b5,2603490,2026-06-29T17:31:25.579418
experiments/transfer/t1a_combined_oracle_noise_p010_002_t1a_combined_oracle_noise_p010_seed123/checkpoints/best_tecno.pth,4b058e236a24d23b968cb1fc379fca8e,2603490,2026-06-29T17:31:51.487408
experiments/transfer/t1a_combined_oracle_noise_p010_003_t1a_combined_oracle_noise_p010_seed456/checkpoints/best_tecno.pth,deefd790005eddddfd2419bfc9c80b6f,2603490,2026-06-29T17:32:22.747388
experiments/transfer/t1a_combined_oracle_noise_p020_001_t1a_combined_oracle_noise_p020_seed42/checkpoints/best_tecno.pth,b73939071b2ca6969e4c8e19e04a9c8d,2603490,2026-06-29T17:32:55.271358
experiments/transfer/t1a_combined_oracle_noise_p020_002_t1a_combined_oracle_noise_p020_seed123/checkpoints/best_tecno.pth,c7c4114d5101187de33c4d7a09edec53,2603490,2026-06-29T17:33:20.287328
experiments/transfer/t1a_combined_oracle_noise_p020_003_t1a_combined_oracle_noise_p020_seed456/checkpoints/best_tecno.pth,efe35a3d651f77209cb766cc7b05b2b6,2603490,2026-06-29T17:33:51.615284
experiments/transfer/t1a_combined_oracle_noise_p030_001_t1a_combined_oracle_noise_p030_seed42/checkpoints/best_tecno.pth,41d6b327d876383b8afb3ff8827b7117,2603490,2026-06-29T17:34:29.455221
experiments/transfer/t1a_combined_oracle_noise_p030_002_t1a_combined_oracle_noise_p030_seed123/checkpoints/best_tecno.pth,a932e3a9fcee8ab60f08da0bdaf46f9f,2603490,2026-06-29T17:34:51.703180
experiments/transfer/t1a_combined_oracle_noise_p030_003_t1a_combined_oracle_noise_p030_seed456/checkpoints/best_tecno.pth,142617918cf361c6e10fd657de57f3ff,2603490,2026-06-29T17:35:21.351120
experiments/transfer/t1a_combined_region_top3_mask_001_t1a_combined_region_top3_mask_seed123/checkpoints/best_tecno.pth,44306724cef9b0fd32f6cb89f3b3c498,2603490,2026-06-29T08:55:40.040306
experiments/transfer/t1a_combined_region_top3_mask_002_t1a_combined_region_top3_mask_seed42/checkpoints/best_tecno.pth,631076fed2d6a96fba01db41a64e4365,2603490,2026-06-29T08:55:42.940270
experiments/transfer/t1a_combined_region_top3_mask_003_t1a_combined_region_top3_mask_seed456/checkpoints/best_tecno.pth,882d1bef9e01ee234c04909beaaf8328,2603490,2026-06-29T08:56:11.691914
experiments/transfer/t1a_deep_3s10l96f_001_t1a_deep_3s10l96f_seed42/checkpoints/best_tecno.pth,dfa6dc0d499fa6e9688fa3bdb2f997cd,6777410,2026-06-26T00:28:25.220425
experiments/transfer/t1a_deep_3s10l96f_002_t1a_deep_3s10l96f_seed123/checkpoints/best_tecno.pth,2ba5112580885c34b45a092abaa35e44,6777410,2026-06-26T00:28:18.612503
experiments/transfer/t1a_deep_3s10l96f_003_t1a_deep_3s10l96f_seed456/checkpoints/best_tecno.pth,8d90cea5cc570f14ccdce9658c58efe8,6777410,2026-06-26T00:29:05.659951
experiments/transfer/t1a_deep_3s10l96f_004_t1a_deep_3s10l96f_seed789/checkpoints/best_tecno.pth,551124a131660ce9330b9beeab72249c,6777410,2026-06-29T05:17:26.749331
experiments/transfer/t1a_deep_3s10l96f_005_t1a_deep_3s10l96f_seed1000/checkpoints/best_tecno.pth,8aefd0a2d19462864e8f899c4dd56794,6777410,2026-06-29T05:19:08.536727
experiments/transfer/t1a_frozen_src_aligndetr_001_t1a_frozen_src_aligndetr_seed42/checkpoints/best_tecno.pth,95fc689143841d80f021bbb89160e95f,2599650,2026-07-10T17:48:14.845920
experiments/transfer/t1a_frozen_src_aligndetr_002_t1a_frozen_src_aligndetr_seed456/checkpoints/best_tecno.pth,65e8423c1bcf840aaf05935bc8cc2cd5,2599650,2026-07-10T17:48:37.501616
experiments/transfer/t1a_frozen_src_aligndetr_003_t1a_frozen_src_aligndetr_seed123/checkpoints/best_tecno.pth,595b9010a63f0aed47894e9c0080cb22,2599650,2026-07-10T17:48:36.277633
experiments/transfer/t1a_frozen_src_relationdetr_001_t1a_frozen_src_relationdetr_seed123/checkpoints/best_tecno.pth,1710ec8d4fdbaf3f318cba48b6e04b0a,2599650,2026-07-10T17:47:48.958270
experiments/transfer/t1a_frozen_src_relationdetr_001_t1a_frozen_src_relationdetr_seed42/checkpoints/best_tecno.pth,16cee16661c31dd91207424f51112900,2599650,2026-07-10T17:47:50.018256
experiments/transfer/t1a_frozen_src_relationdetr_002_t1a_frozen_src_relationdetr_seed456/checkpoints/best_tecno.pth,72e75d8a498b29a58bc894bc5f75428c,2599650,2026-07-10T17:48:19.149862
experiments/transfer/t1a_probe_aug_001_t1a_probe_aug_seed42/checkpoints/best_tecno.pth,577d09c711e3030ef68228001468320d,2599211,2026-07-02T19:43:07.739171
experiments/transfer/t1a_probe_frozen_001_t1a_probe_frozen_seed42/checkpoints/best_tecno.pth,10b3d7d0d17244ef87891b027f0bdd96,2599211,2026-07-02T19:42:38.671012
experiments/transfer/t1a_region_mask_00_001_t1a_region_mask_00_seed42/checkpoints/best_tecno.pth,11b4017a121f4598a71f8edd065367cb,2599650,2026-06-29T07:41:40.006660
experiments/transfer/t1a_region_mask_00_002_t1a_region_mask_00_seed123/checkpoints/best_tecno.pth,d5647921f266ff6f3efe35a7ae1a31a9,2599650,2026-06-29T07:42:05.158512
experiments/transfer/t1a_region_mask_00_003_t1a_region_mask_00_seed456/checkpoints/best_tecno.pth,03a628c2a06edda7a33864a5d9007e76,2599650,2026-06-29T07:42:33.850341
experiments/transfer/t1a_region_mask_01_001_t1a_region_mask_01_seed42/checkpoints/best_tecno.pth,ccf57dee2bae130b358aecef70afb49c,2599650,2026-06-29T07:41:39.674662
experiments/transfer/t1a_region_mask_01_002_t1a_region_mask_01_seed123/checkpoints/best_tecno.pth,91fd864abbbbb3bd6080fd8f19645134,2599650,2026-06-29T07:41:59.894543
experiments/transfer/t1a_region_mask_01_003_t1a_region_mask_01_seed456/checkpoints/best_tecno.pth,093c358d6060cb608e97601fb1b39a94,2599650,2026-06-29T07:42:34.162339
experiments/transfer/t1a_region_mask_02_001_t1a_region_mask_02_seed42/checkpoints/best_tecno.pth,556f8d6496c7582ef1ac8919fe77476c,2599650,2026-06-29T07:43:06.226145
experiments/transfer/t1a_region_mask_02_002_t1a_region_mask_02_seed123/checkpoints/best_tecno.pth,8ed3c62c8667a1da4eb96463556a488c,2599650,2026-06-29T07:43:26.402021
experiments/transfer/t1a_region_mask_02_003_t1a_region_mask_02_seed456/checkpoints/best_tecno.pth,71065efd00341f115e5e7b07dc338065,2599650,2026-06-29T07:44:28.249635
experiments/transfer/t1a_region_mask_03_001_t1a_region_mask_03_seed42/checkpoints/best_tecno.pth,65e59ed4a9fb9c9946cd1c5088a12672,2599650,2026-06-29T07:42:58.078194
experiments/transfer/t1a_region_mask_03_002_t1a_region_mask_03_seed123/checkpoints/best_tecno.pth,7b8b5d6d282ed13adbc6b19e74ccc67a,2599650,2026-06-29T07:43:31.193991
experiments/transfer/t1a_region_mask_03_003_t1a_region_mask_03_seed456/checkpoints/best_tecno.pth,c66b5bc283552aa2246c670742ce98e1,2599650,2026-06-29T07:44:27.717638
experiments/transfer/t1a_region_mask_04_001_t1a_region_mask_04_seed42/checkpoints/best_tecno.pth,2e748b7d37706136069fb7dfc6f29a61,2599650,2026-06-29T07:44:57.405449
experiments/transfer/t1a_region_mask_04_002_t1a_region_mask_04_seed123/checkpoints/best_tecno.pth,d5b958935ea160a6060fdbebfd61d66e,2599650,2026-06-29T07:45:20.593300
experiments/transfer/t1a_region_mask_04_003_t1a_region_mask_04_seed456/checkpoints/best_tecno.pth,1bdc42f7ca3e587fe795d5995311c905,2599650,2026-06-29T07:45:52.589093
experiments/transfer/t1a_region_mask_05_001_t1a_region_mask_05_seed42/checkpoints/best_tecno.pth,709f2ff588ef8c2eec14ecade90aa799,2599650,2026-06-29T07:44:52.105483
experiments/transfer/t1a_region_mask_05_002_t1a_region_mask_05_seed123/checkpoints/best_tecno.pth,4474a4e60a538ec88151c8c336289d98,2599650,2026-06-29T07:45:22.989285
experiments/transfer/t1a_region_mask_05_003_t1a_region_mask_05_seed456/checkpoints/best_tecno.pth,e9dd21791c10c27a33e6687a35a230a1,2599650,2026-06-29T07:45:50.285108
experiments/transfer/t1a_region_mask_06_001_t1a_region_mask_06_seed42/checkpoints/best_tecno.pth,86da888e137fe309d65e54e8efde52f9,2599650,2026-06-29T07:46:15.124946
experiments/transfer/t1a_region_mask_06_002_t1a_region_mask_06_seed123/checkpoints/best_tecno.pth,3ffb4ba94b795472c1e4df5260ec1396,2599650,2026-06-29T07:46:43.292760
experiments/transfer/t1a_region_mask_06_003_t1a_region_mask_06_seed456/checkpoints/best_tecno.pth,050761fa5905461061df693ee59d0ff7,2599650,2026-06-29T07:47:13.880557
experiments/transfer/t1a_region_mask_07_001_t1a_region_mask_07_seed42/checkpoints/best_tecno.pth,6c5144383ce88d16c81d0b2f9fe77bb3,2599650,2026-06-29T07:46:14.988946
experiments/transfer/t1a_region_mask_07_002_t1a_region_mask_07_seed123/checkpoints/best_tecno.pth,377a03e77001f0b312bf5edc16960b2e,2599650,2026-06-29T07:46:44.744750
experiments/transfer/t1a_region_mask_07_003_t1a_region_mask_07_seed456/checkpoints/best_tecno.pth,c2f56bc5b422fb33a4ea8b9f0073264c,2599650,2026-06-29T07:47:13.940557
experiments/transfer/t1a_region_mask_08_001_t1a_region_mask_08_seed42/checkpoints/best_tecno.pth,a167a0e1348ad9bc6ed905cb419e7cff,2599650,2026-06-29T07:47:40.624378
experiments/transfer/t1a_region_mask_08_002_t1a_region_mask_08_seed123/checkpoints/best_tecno.pth,0ca0e616794594edfa309c156f435789,2599650,2026-06-29T07:48:08.880188
experiments/transfer/t1a_region_mask_08_003_t1a_region_mask_08_seed456/checkpoints/best_tecno.pth,b4fe5ec10f1b2a3be36c1e2f339de6ed,2599650,2026-06-29T07:48:39.007983
experiments/transfer/t1a_region_mask_09_001_t1a_region_mask_09_seed42/checkpoints/best_tecno.pth,9f7c21293bbcd6061a077e0ee38b5c25,2599650,2026-06-29T07:47:48.612324
experiments/transfer/t1a_region_mask_09_002_t1a_region_mask_09_seed123/checkpoints/best_tecno.pth,5b32c5243dba37b3211e0bc24ed060f4,2599650,2026-06-29T07:48:15.272144
experiments/transfer/t1a_region_mask_09_003_t1a_region_mask_09_seed456/checkpoints/best_tecno.pth,b56e7f40e3016af80b5c3f24d1b03125,2599650,2026-06-29T07:48:43.827950
experiments/transfer/t1a_region_mask_10_001_t1a_region_mask_10_seed42/checkpoints/best_tecno.pth,e2e58eac816afd32230f2487c26e1298,2599650,2026-06-29T07:49:09.063778
experiments/transfer/t1a_region_mask_10_002_t1a_region_mask_10_seed123/checkpoints/best_tecno.pth,0667f23c0adf8aca65ace3991a3cd1b0,2599650,2026-06-29T07:49:32.031620
experiments/transfer/t1a_region_mask_10_003_t1a_region_mask_10_seed456/checkpoints/best_tecno.pth,58cb8d88a7b2eeca171beb0f77bce9ae,2599650,2026-06-29T07:50:04.875394
experiments/transfer/t1a_region_mask_11_001_t1a_region_mask_11_seed42/checkpoints/best_tecno.pth,470b654da23861dddf707de7a116f49d,2599650,2026-06-29T07:49:12.651753
experiments/transfer/t1a_region_mask_11_002_t1a_region_mask_11_seed123/checkpoints/best_tecno.pth,1302ef661096bacab6c4bca5f919b028,2599650,2026-06-29T07:49:32.379618
experiments/transfer/t1a_region_mask_11_003_t1a_region_mask_11_seed456/checkpoints/best_tecno.pth,450c3ce47ad70de0122edd2833254f1b,2599650,2026-06-29T07:50:00.311425
experiments/transfer/t1a_region_mask_12_001_t1a_region_mask_12_seed42/checkpoints/best_tecno.pth,d397f82567599ebd756ee3b6a9a8ada3,2599650,2026-06-29T07:50:27.103239
experiments/transfer/t1a_region_mask_12_002_t1a_region_mask_12_seed123/checkpoints/best_tecno.pth,1363e276f44f2ddbec5ccf06d5c93c11,2599650,2026-06-29T07:50:55.171044
experiments/transfer/t1a_region_mask_12_003_t1a_region_mask_12_seed456/checkpoints/best_tecno.pth,fdec4c7bca2e894594f51b0ecaf96308,2599650,2026-06-29T07:51:22.874293
experiments/transfer/t1a_region_mask_13_001_t1a_region_mask_13_seed42/checkpoints/best_tecno.pth,ef423bca12cf2a5f506ae39351a0aeab,2599650,2026-06-29T07:50:36.431175
experiments/transfer/t1a_region_mask_13_002_t1a_region_mask_13_seed123/checkpoints/best_tecno.pth,e1bcaa744c5d7dc720f2c6c1f8ffc06d,2599650,2026-06-29T07:50:54.919046
experiments/transfer/t1a_region_mask_13_003_t1a_region_mask_13_seed456/checkpoints/best_tecno.pth,d478df2c6d23c3245890421a3460bbfb,2599650,2026-06-29T07:51:23.210283
experiments/transfer/t1a_region_mask_14_001_t1a_region_mask_14_seed42/checkpoints/best_tecno.pth,a72e828289da7f2a094d3674a6053b34,2599650,2026-06-29T07:51:51.073493
experiments/transfer/t1a_region_mask_14_002_t1a_region_mask_14_seed123/checkpoints/best_tecno.pth,e6d8b93abed25e4318f657ab877f8332,2599650,2026-06-29T07:52:14.452850
experiments/transfer/t1a_region_mask_14_003_t1a_region_mask_14_seed456/checkpoints/best_tecno.pth,d9ddd5be6717862079b13e918ce39194,2599650,2026-06-29T07:52:46.364000
experiments/transfer/t1a_region_mask_top3_001_t1a_region_mask_top3_seed42/checkpoints/best_tecno.pth,b3fbafe4c79680d402cd8769c361be94,2599650,2026-06-29T08:54:44.045002
experiments/transfer/t1a_region_mask_top3_002_t1a_region_mask_top3_seed123/checkpoints/best_tecno.pth,82422581c2b2d27515c973c01d79faee,2599650,2026-06-29T08:55:10.112678
experiments/transfer/t1a_region_mask_top3_003_t1a_region_mask_top3_seed456/checkpoints/best_tecno.pth,281cf558e6aa86944d363077c3a6453d,2599650,2026-06-29T08:55:51.056170
experiments/transfer/t1a_region_only_001_t1a_region_only_seed42/checkpoints/best_tecno.pth,7e024d2eb8c0769945bf2fbeb24af550,2075362,2026-06-26T04:42:43.117079
experiments/transfer/t1a_region_only_002_t1a_region_only_seed123/checkpoints/best_tecno.pth,82950d955004f1bf32c0e6bf081985d7,2075362,2026-06-26T04:42:44.701061
experiments/transfer/t1a_region_only_003_t1a_region_only_seed456/checkpoints/best_tecno.pth,470e5e4b4f0e7c29d6791dbc6691ec3b,2075362,2026-06-26T04:43:12.664746
experiments/transfer/t1a_region_only_004_t1a_region_only_seed789/checkpoints/best_tecno.pth,965334377b1102e167e33c38a3bf88b7,2075362,2026-06-29T05:18:07.197098
experiments/transfer/t1a_region_only_005_t1a_region_only_seed1000/checkpoints/best_tecno.pth,a63615870dd391be309d19793ed17660,2075362,2026-06-29T05:19:45.256495
experiments/transfer/t1a_region_only_mask_top3_001_t1a_region_only_mask_top3_seed42/checkpoints/best_tecno.pth,40f7bc4ef4176d985f9efe4db16733ab,2075362,2026-06-29T08:54:44.276999
experiments/transfer/t1a_region_only_mask_top3_002_t1a_region_only_mask_top3_seed123/checkpoints/best_tecno.pth,0d75f58a326c8c410cb50ae774b03ea2,2075362,2026-06-29T08:55:16.552598
experiments/transfer/t1a_region_only_mask_top3_003_t1a_region_only_mask_top3_seed456/checkpoints/best_tecno.pth,eded2e65ded54af3f6476986564b0fcb,2075362,2026-06-29T08:55:44.388252
experiments/transfer/t1a_regiontoken_001_t1a_regiontoken_seed42/checkpoints/best_tecno.pth,6baa3843c665715b55f3900cff38846c,2599650,2026-06-20T18:35:27.180337
experiments/transfer/t1a_regiontoken_002_t1a_regiontoken_seed123/checkpoints/best_tecno.pth,d93e87ff4e61ea341cbceaec5401d771,2599650,2026-06-20T18:35:45.211872
experiments/transfer/t1a_regiontoken_003_t1a_regiontoken_seed456/checkpoints/best_tecno.pth,860bfcd620ee0ef69bac6f50d3a68eec,2599650,2026-06-20T18:36:08.295287
experiments/transfer/t1a_regiontoken_004_t1a_regiontoken_seed789/checkpoints/best_tecno.pth,ffde8475428ddec4ba61eff0ad15bbbc,2599650,2026-06-29T05:16:52.025522
experiments/transfer/t1a_regiontoken_005_t1a_regiontoken_seed1000/checkpoints/best_tecno.pth,977b63e46c42ccbfd0c30b8718b25526,2599650,2026-06-29T05:18:35.136932
experiments/transfer/t1a_regiontraj_001_t1a_regiontraj_seed42/checkpoints/best_regiontraj.pth,b2968f68ee08d9b9d25c9647c9da2807,4757889,2026-07-05T10:32:08.160275
experiments/transfer/t1a_regiontraj_002_t1a_regiontraj_seed123/checkpoints/best_regiontraj.pth,bfa728ebba0e7f41e0d1ce454fdaf108,4757889,2026-07-05T10:34:07.355652
experiments/transfer/t1a_regiontraj_003_t1a_regiontraj_seed456/checkpoints/best_regiontraj.pth,2fb5267e1c9075095b3e2caa3aa6def2,4757889,2026-07-05T10:34:08.275647
experiments/transfer/t1a_regiontraj_test_001_t1a_regiontraj_test_seed42/checkpoints/best_regiontraj.pth,4a6205fa4f5d6ee8f2bf34ee74f46ad4,4757889,2026-07-05T10:39:51.749890
experiments/transfer/t1a_regiontraj_test_002_t1a_regiontraj_test_seed123/checkpoints/best_regiontraj.pth,5dccd4b905bcf957f52a776632c81f21,4757889,2026-07-05T10:40:16.589764
experiments/transfer/t1a_regiontraj_test_003_t1a_regiontraj_test_seed456/checkpoints/best_regiontraj.pth,273e48c7854e38fabe14a9620243796a,4757889,2026-07-05T10:40:42.689633
experiments/transfer/t1a_shuffle_001_t1a_shuffle_seed42/checkpoints/best_tecno.pth,face86bf35d67d80ea469b56ba3165b8,2599650,2026-06-29T04:06:51.081694
experiments/transfer/t1a_shuffle_002_t1a_shuffle_seed123/checkpoints/best_tecno.pth,856fb44e1e86dbb64030e14817f3c79d,2599650,2026-06-29T04:06:56.289668
experiments/transfer/t1a_shuffle_003_t1a_shuffle_seed456/checkpoints/best_tecno.pth,8bf97ac2b24056502d5eefa15f1dd712,2599650,2026-06-29T04:07:25.713519
experiments/transfer/t1a_shuffle_004_t1a_shuffle_seed789/checkpoints/best_tecno.pth,36c6c40c4c3bc8c498b9c2db209fdbdb,2599650,2026-06-29T05:18:10.873076
experiments/transfer/t1a_shuffle_005_t1a_shuffle_seed1000/checkpoints/best_tecno.pth,a8fa26bcc232f5941e9059818adeba4f,2599650,2026-06-29T05:19:46.164489
experiments/transfer/t1a_shuffle_oracle_001_t1a_shuffle_oracle_seed42/checkpoints/best_tecno.pth,60f825b7b3bedcf884336c3d23a71b5d,2603490,2026-06-29T07:37:30.967991
experiments/transfer/t1a_shuffle_oracle_002_t1a_shuffle_oracle_seed123/checkpoints/best_tecno.pth,8af538249bd1562ebb70750fd81a493b,2603490,2026-06-29T07:38:00.447848
experiments/transfer/t1a_shuffle_oracle_003_t1a_shuffle_oracle_seed456/checkpoints/best_tecno.pth,4740f853fb0710085b4f4a547f4a4b90,2603490,2026-06-29T07:38:25.615723
experiments/transfer/taux_mingru_nonek3_001_taux_mingru_nonek3_seed42/checkpoints/best_tecno.pth,8419451e306a8c131c0ba631c79fb40c,2074219,2026-07-02T07:56:01.021052
experiments/transfer/taux_mingru_nonek3_002_taux_mingru_nonek3_seed123/checkpoints/best_tecno.pth,6f47dcb4924ec939b4ad140cd57dcad7,2074219,2026-07-02T07:48:06.008764
experiments/transfer/taux_mingru_nonek3_003_taux_mingru_nonek3_seed456/checkpoints/best_tecno.pth,11ce1bea836781d28172996e29043005,2074219,2026-07-02T08:33:29.338377
experiments/transfer/taux_tecno_deltak3_001_taux_tecno_deltak3_seed42/checkpoints/best_tecno.pth,9a10b5b6cd065dcd6fd8661472ca10ae,2599211,2026-07-02T07:26:40.788708
experiments/transfer/taux_tecno_deltak3_002_taux_tecno_deltak3_seed123/checkpoints/best_tecno.pth,69ebd279a4a533e84c0653fe1b56981e,2599211,2026-07-02T07:27:02.104498
experiments/transfer/taux_tecno_deltak3_003_taux_tecno_deltak3_seed456/checkpoints/best_tecno.pth,36b0ad4585b279f8d8fbf1c0af593feb,2599211,2026-07-02T07:27:06.544455
experiments/transfer/taux_tecno_movavgk3_001_taux_tecno_movavgk3_seed42/checkpoints/best_tecno.pth,791303d6a96c6c922ad69094097af41b,2599211,2026-07-02T07:26:16.696945
experiments/transfer/taux_tecno_movavgk3_002_taux_tecno_movavgk3_seed123/checkpoints/best_tecno.pth,6c3284afb494325c995517d4753e316c,2599211,2026-07-02T07:26:11.632995
experiments/transfer/taux_tecno_movavgk3_003_taux_tecno_movavgk3_seed456/checkpoints/best_tecno.pth,d9ba22c7f94d6212f4b4a794ff25814f,2599211,2026-07-02T07:26:43.140685
experiments/transfer/taux_tecno_nonek3_001_taux_tecno_nonek3_seed42/checkpoints/best_tecno.pth,56695c39f434e07d32cb19b253a8af1e,2599211,2026-07-02T07:27:57.107958
experiments/transfer/taux_tecno_nonek3_002_taux_tecno_nonek3_seed123/checkpoints/best_tecno.pth,10cf098f60dff1f4014ea4a06d4c9eb9,2599211,2026-07-02T07:28:18.099751
experiments/transfer/taux_tecno_nonek3_003_taux_tecno_nonek3_seed456/checkpoints/best_tecno.pth,4738442360ed54ea7772cc87cfb89037,2599211,2026-07-02T07:28:28.955645
experiments/transfer/taux_tecno_windowk3_001_taux_tecno_windowk3_seed42/checkpoints/best_tecno.pth,67fd35ea86ff7ce760de7350891a376c,4565291,2026-07-02T07:27:35.788167
experiments/transfer/taux_tecno_windowk3_002_taux_tecno_windowk3_seed123/checkpoints/best_tecno.pth,4ac1cf9e6346c0ffa8b7a46f4c886cec,4565291,2026-07-02T07:27:39.588130
experiments/transfer/taux_tecno_windowk3_003_taux_tecno_windowk3_seed456/checkpoints/best_tecno.pth,762abca2106dfa7cf2ebb3167a2a68de,4565291,2026-07-02T07:27:57.451954
third_party/Relation-DETR/checkpoints/incoming/seed123/best_ap.pth,561cf814983a3e4e1586b55874537878,195421066,2026-05-30T10:37:33.055107
third_party/Relation-DETR/checkpoints/incoming/seed42/best_ap.pth,6a898a768eed39391b2afd784ebe254f,195421066,2026-05-30T07:42:27.376519
third_party/Relation-DETR/checkpoints/incoming/seed456/best_ap.pth,1da28fcd983538f59063aadf62af8b92,195421066,2026-05-30T14:20:29.915888
third_party/Relation-DETR/checkpoints/relation_detr_resnet50_egosurgery/train/2026-05-30-04_24_20/best_ap.pth,4001267802adcf4f4945c027d555653e,195421066,2026-05-30T04:38:01.311493
third_party/Relation-DETR/checkpoints/relation_detr_resnet50_egosurgery/train/2026-05-30-04_24_20/best_ap50.pth,f6b0af06e5307aa46c56aee75951c23c,195422778,2026-05-30T04:38:01.473497
third_party/Relation-DETR/checkpoints/relation_detr_resnet50_egosurgery/train/seed123/best_ap.pth,561cf814983a3e4e1586b55874537878,195421066,2026-05-30T10:37:33.055107
third_party/Relation-DETR/checkpoints/relation_detr_resnet50_egosurgery/train/seed123/best_ap50.pth,e60e33a14bb4ac091cfc8ced15043637,195422778,2026-05-30T10:37:33.298110
third_party/Relation-DETR/checkpoints/relation_detr_resnet50_egosurgery/train/seed42/best_ap.pth,6a898a768eed39391b2afd784ebe254f,195421066,2026-05-30T07:42:27.376519
third_party/Relation-DETR/checkpoints/relation_detr_resnet50_egosurgery/train/seed42/best_ap50.pth,e9bac37c84a31f15aee71e4aa82b4563,195422778,2026-05-30T06:43:03.826265
third_party/Relation-DETR/checkpoints/relation_detr_resnet50_egosurgery/train/seed456/best_ap.pth,1da28fcd983538f59063aadf62af8b92,195421066,2026-05-30T14:20:29.915888
third_party/Relation-DETR/checkpoints/relation_detr_resnet50_egosurgery/train/seed456/best_ap50.pth,1b91e4205a5a81e2f58ecb08412082de,195422778,2026-05-30T14:20:30.176895
